ID,prediction
19513,5.9767857
15460,23.29578
21794,36.7483
24045,5.899348
15803,62.565125
21072,29.456144
9485,6.5070086
1625,9.301701
13175,5.176633
23645,36.714676
4369,24.198519
6346,6.2758756
19596,39.39599
16748,31.071243
24719,3.2249873
1556,5.777788
290,21.655544
7018,6.2493653
13443,66.26356
25174,6.188726
6994,25.340097
20715,24.11423
24664,7.478209
12006,53.618336
11741,4.474972
22967,42.94283
4377,3.3821235
11380,7.6562853
7846,6.46804
11633,5.699111
6542,4.875079
4239,4.610714
10040,38.91004
21343,34.529377
8684,13.529934
27212,7.978409
11128,27.644493
23601,7.4458
13289,27.748928
20698,6.0811806
9765,25.687502
24062,26.101597
9823,37.41891
18044,4.7753043
27258,4.660388
1669,50.776302
10659,3.9204803
4651,38.79977
16558,39.725815
23550,4.7770324
18986,19.45311
26055,43.77678
22711,6.522211
9940,5.8183937
27077,5.908835
7114,20.542019
11879,5.827616
9935,27.559418
23316,44.705864
7625,44.100845
9250,7.04546
17509,8.682865
11484,24.044226
28654,7.0696535
18640,8.18607
20583,37.93914
22497,21.258747
12363,5.7529116
330,27.295208
14769,6.9098735
10778,19.587158
9576,42.557716
17339,23.367601
7965,5.7911844
26047,5.1027656
26957,16.645641
4576,21.69249
5652,32.933823
28206,7.703155
14080,24.408773
22799,4.841224
5250,5.113689
11924,3.380106
4241,7.884839
25396,38.66116
15144,18.169144
6434,37.73512
11691,6.8839197
23677,6.471729
16233,4.183271
9725,5.052232
27275,53.228798
18402,24.105978
9392,8.200824
12376,19.716385
25286,5.089848
6425,6.7223606
26668,6.3631797
11089,52.42208
23298,4.955411
18334,14.999935
10978,41.5863
23622,29.45736
27662,7.179401
4329,29.8415
24457,5.687623
20641,5.915798
12539,4.0061083
7373,42.797295
9164,6.9014106
604,4.839608
2964,31.981487
3980,36.625904
4475,21.290176
20941,5.552142
17550,42.657967
28396,8.882239
26351,19.294292
25408,7.1123056
10927,6.798958
11069,23.14508
2044,55.6645
5957,25.372314
771,8.941095
26848,49.305187
3812,41.478443
11269,1.3300575
20407,5.752805
20138,18.142292
21669,2.7409167
24667,6.209111
2232,55.71204
24937,8.948664
15077,21.793991
12473,4.174459
16046,6.469962
21261,27.35593
2058,32.29377
5050,5.910304
17336,23.579138
7395,6.25429
22724,5.668041
6493,8.118234
15722,61.621365
13744,6.683735
9800,6.976878
13669,25.925554
7177,20.077467
13647,4.6293845
14580,5.3118043
21140,26.967838
13434,4.599027
12820,23.884756
18897,6.0962343
19393,60.039482
2705,4.265831
27240,6.588753
21433,7.207311
10734,35.775944
20257,16.40707
27157,6.164661
23619,7.9280086
16669,5.430984
25215,7.2085214
11202,7.1553493
4516,23.093079
4276,6.9229198
3593,38.062675
11508,43.264828
20973,7.0382752
17293,4.531563
4218,26.552956
24743,62.40138
28788,26.194738
17842,52.217495
3422,7.6985326
19654,39.39778
8242,4.102722
23050,5.722084
13084,7.138449
543,67.33329
18941,29.584105
10521,63.933956
4382,5.578711
18595,4.5642357
19774,5.5409875
6285,5.301765
27267,5.805441
23979,22.726398
19055,7.446831
28251,4.9800334
24152,8.701991
27564,46.8659
24423,9.835193
3734,17.06104
16577,6.874251
12573,9.904917
26498,25.228182
1165,56.079243
14907,4.9862876
17848,7.9230757
16274,22.014725
11668,7.71019
7080,5.7766676
23918,4.9739323
3392,6.8350163
12190,6.2137027
18321,12.449887
26065,44.966393
7231,44.956093
17255,42.58585
10688,56.360435
20790,5.5063853
20652,26.259354
1452,43.106823
6383,6.3788433
7913,6.3485017
3947,7.832549
11489,25.374716
3521,8.217312
25303,6.004945
11311,4.489503
10050,6.1687517
23362,10.541923
16839,7.546982
23970,3.7094264
6504,68.452805
7229,4.5892863
21370,8.135399
15367,11.60255
5647,8.072239
12545,18.28157
1240,15.421989
25890,53.470673
27580,7.4937277
13050,64.87736
24593,8.898107
20804,8.794634
15922,38.26071
9588,33.435616
20709,2.6266785
8254,7.557206
19117,6.2947936
16802,4.863973
28162,5.5464706
11440,39.963104
22338,7.6150665
27604,5.967001
1470,13.057795
3562,7.405397
23236,3.6276903
7202,52.35725
11496,7.3927083
27975,5.8998256
3454,7.451423
28694,67.37465
12666,5.678133
17844,6.2779922
13227,6.3398113
7780,8.285693
107,17.736172
25689,5.8215127
15574,6.8709
5613,5.772278
12326,6.032296
19847,6.6516275
15744,45.931076
16778,26.620737
14297,7.507519
10388,8.10052
26419,4.5729675
10086,7.8337483
5163,23.403025
19641,5.7144094
17321,26.607742
19118,6.8590407
13285,38.47249
532,6.1290717
6905,9.190015
4709,6.439287
8098,5.8745465
5688,7.7646027
24229,63.209377
9686,13.681032
23878,52.397316
18743,43.543133
3452,25.24405
6455,5.7474475
10908,5.5335207
2826,5.8621716
5623,5.7777762
27830,66.75213
14018,5.473794
7630,7.3903556
15727,5.8673873
8965,42.446804
9078,5.7230873
22814,6.239416
25467,51.617424
27082,7.5348654
18267,35.937325
23679,23.559353
16755,37.576225
5310,7.9052424
28320,23.9436
11603,15.697762
7959,7.7667656
14719,8.143732
17696,16.468702
24713,25.809053
22446,4.1930633
20072,12.317613
3854,6.0128393
10209,31.886099
14955,6.7300644
27572,11.203385
21527,8.124718
19503,5.8560734
3850,5.5685587
18632,6.17834
1143,41.867622
2854,70.14529
4885,5.6707764
20146,53.677086
23311,9.95324
18173,7.7588
17428,6.3137703
12827,7.254245
25955,16.856726
6292,6.232125
26530,4.030465
14149,27.192484
7149,42.65181
13879,5.4006214
22178,54.46249
17952,33.760708
13551,37.421658
21398,5.6472197
25164,26.94551
26336,46.799774
25925,4.003088
3102,13.182939
8865,24.908876
21339,34.221836
657,7.7241855
11411,44.490547
1491,32.989105
21681,6.1781807
27062,34.056824
25796,5.115454
10217,43.503777
23180,6.6284466
12920,2.8087654
28127,36.461166
15526,4.617214
26862,36.36677
11168,4.034282
14061,37.032745
17362,18.600712
18873,49.26586
419,5.200879
11686,42.75647
14309,11.552832
25169,34.657867
19469,51.314583
8049,53.94077
12263,5.060662
23955,36.829475
15228,4.196157
28191,39.813705
18289,8.696361
24602,6.171417
13349,61.632275
23314,5.2654347
26935,5.4288573
27401,7.088773
12414,4.917317
9692,18.777094
19381,6.5927
22308,34.85559
21366,6.5824127
19693,9.444068
6174,5.204508
23333,64.5339
6571,6.0974493
7621,24.50547
25352,38.294975
14183,21.1411
15209,37.675243
4880,28.547731
6101,5.6379156
6367,9.363196
12241,5.957207
6263,26.084215
16729,20.532515
16613,6.520027
26489,6.6422353
2294,6.2896495
4164,4.32555
3014,6.3067555
4081,9.221588
17390,7.337672
6703,5.9388747
20670,41.61392
27684,2.4673288
7,24.8922
26143,5.4605727
20582,33.049847
8704,5.252935
5333,5.7546887
27280,9.351852
24936,8.377523
15756,10.596388
28096,23.50273
6950,6.6155243
21662,63.169056
291,4.9208584
14889,4.5870185
21549,12.394729
1178,19.152527
452,60.453854
5747,6.6122456
12883,5.6501064
26756,10.292175
4668,39.98732
14587,45.01341
7493,27.362665
25083,3.8818214
741,6.6834435
19256,9.963389
5715,6.616437
4353,7.8146286
16397,3.8501332
2249,4.991314
27935,7.47629
13198,9.485544
14460,9.105186
25546,37.23623
3538,6.307934
13701,27.620274
3223,7.6214905
27034,6.553843
5796,47.738194
27762,59.606186
28257,4.738305
18122,44.283318
12606,8.1778145
23852,34.226803
7569,7.0170856
22662,5.8048215
3364,50.24719
8250,5.8996496
23982,6.554841
1506,26.246494
26394,39.17849
28783,5.7370543
13994,32.709724
23641,39.90322
6896,42.541706
14927,45.205418
895,30.273575
27997,28.489506
25636,37.32006
3624,8.719337
24867,14.220713
28449,36.792477
2998,4.1596985
16381,4.5516987
4737,5.9427137
25860,8.400158
14554,6.151333
22695,26.1668
7659,33.774643
3357,6.237913
24209,23.91586
15617,4.1233644
13990,5.4132285
18370,3.81517
27729,5.612145
20605,16.281353
22683,27.562363
12073,5.4610267
12176,4.132785
13238,65.748634
14712,26.184423
7655,3.4554474
26545,6.4197483
22055,6.5317626
9437,7.0995035
10501,21.875229
9071,3.8237708
5703,5.094405
20439,9.968792
17942,4.860608
6514,39.993626
6656,70.62075
25607,36.904037
7105,5.677054
12020,5.214815
8236,25.154139
21868,6.389242
10029,22.309355
21922,57.568123
16177,7.82356
10158,5.7403727
10875,9.557552
6983,9.5747795
23330,4.8392434
14482,1.714296
2769,4.8353076
8615,11.040552
10474,21.175373
7873,4.917247
12306,6.7116094
28315,6.624196
16847,7.3248615
265,45.462875
7390,24.124493
14626,65.89275
26201,61.288918
8523,6.3130918
5605,26.613913
20655,10.066877
24630,39.583523
21439,5.108423
19222,5.8531513
5911,7.3981957
8331,7.366924
10645,8.010791
26175,9.607038
21102,6.754768
2172,6.535182
10591,5.2273436
13364,36.10303
27613,8.769464
16352,44.70085
27817,34.94254
2484,5.5884547
3645,8.219385
22738,48.043995
9494,24.675154
27328,4.50916
23521,5.067264
15660,40.302372
2596,6.855172
12335,5.4703016
19101,15.810207
25585,25.131937
17381,45.748325
17034,5.2572627
26693,5.5610867
14197,8.258942
6222,51.31834
17102,7.276252
11287,5.822219
25562,6.672346
12518,4.8195333
23414,6.681916
22677,28.405529
27541,25.47487
13204,6.446633
19834,9.259141
20448,25.67726
9169,39.592705
1519,37.059357
22552,58.331055
27471,29.156445
16638,37.88147
22637,6.3088903
5263,37.770035
207,31.05848
18651,4.104003
12595,3.4250877
15365,53.31015
27656,30.06312
25911,8.41814
12798,37.11851
16374,26.15717
14843,59.204853
8265,4.8842
371,6.376478
25353,8.940408
2634,6.0852437
25033,6.1139774
18807,7.167745
17862,8.630269
8818,6.6808386
26192,24.597445
11224,4.7430644
21801,5.61885
26823,5.629342
24684,6.560942
28604,5.7477756
14074,6.898011
25214,6.8608656
10546,5.356807
27388,8.514385
6663,6.6524
14801,18.430403
21848,11.270393
17281,5.9483705
25803,35.922165
1714,5.709191
8042,53.539074
24296,27.210423
21769,18.921352
13510,31.215242
25621,6.155351
18308,6.6942782
129,23.99371
22287,40.358498
23529,5.230297
9082,6.505898
11520,6.265173
4320,52.25541
14676,36.222862
19577,6.1567917
4113,14.465693
27111,27.417034
19416,6.2459927
22848,40.835037
4345,4.93684
10196,37.183315
4636,53.388145
3863,7.7348256
20824,5.864298
1514,3.7450564
22455,26.093643
23319,6.185789
14850,5.947139
21561,4.7999034
17888,7.30999
910,5.45508
5724,15.275756
2030,59.11965
26405,9.920898
27469,24.831926
24462,6.132536
23748,7.487879
610,6.4901667
23554,59.234894
10032,58.124218
16724,35.16715
57,43.75728
6528,55.129055
27898,42.91087
18338,4.0528903
25945,3.9370403
10694,46.872337
4265,5.850996
23443,35.114716
3399,39.724113
21480,6.44907
9112,4.1681857
18352,7.7514997
10798,41.654324
12558,4.754896
4036,6.3303246
19284,7.0295873
22220,60.373417
10347,2.9823267
5112,53.299286
18629,24.625105
6625,3.9922853
25738,51.414433
20528,3.1113858
27524,34.455994
14262,7.8007774
28231,6.5252275
5767,9.514981
6921,2.939494
1510,35.516636
6922,49.494877
6214,24.067099
17418,3.907262
26061,28.359524
23196,5.600427
9186,8.798315
23451,4.386372
14530,6.9792223
3023,43.689564
14693,34.126137
5355,13.949722
23844,36.901367
27256,15.002169
7160,5.339844
6158,4.044382
16267,4.0002737
4219,4.4788904
28576,6.837403
22450,37.654385
23884,3.660372
3172,6.904362
27774,61.711838
2746,33.495407
8878,4.6257186
16549,5.9755044
24669,5.920022
26979,23.101028
17897,23.91623
1429,53.76288
18810,5.9831276
10579,7.02325
23477,7.3317647
17493,5.941483
26618,6.1466937
23274,6.5726
12207,17.899784
14348,7.2720437
11749,5.959545
24721,14.036066
15112,62.38922
26692,35.612858
8276,7.0733633
11628,37.571346
4133,9.544071
2479,52.037167
26708,5.262248
14904,28.164816
12792,6.377756
8512,7.999769
16328,6.5499964
3649,30.972713
8443,26.850254
28593,4.681977
11254,8.256283
26896,7.8208833
9959,6.8693852
25385,64.78007
20681,6.445678
7234,4.527087
3668,5.7019725
2752,7.163999
18751,4.1900315
2862,46.77688
1896,29.135098
17284,7.681006
22849,5.3259783
3957,7.6755977
13723,6.380195
17753,4.570226
16630,6.101592
487,5.7924395
13182,28.518251
295,5.456202
13017,22.13645
8795,7.5972652
1285,56.564053
10945,6.5533423
341,4.958451
15873,7.81178
17008,5.7596807
4109,6.7692647
23101,6.068037
10433,2.995986
10145,39.200516
26387,43.623856
25324,5.0038424
17041,14.979441
7094,4.5704083
8369,6.509625
1741,42.698887
21990,61.040325
8199,67.91343
17452,4.029453
13625,67.8621
14901,6.8070574
10489,4.3086658
21731,6.0918584
8216,5.5616813
11245,23.315546
22239,26.917868
26892,8.463514
11556,6.6693826
26408,67.61894
17602,27.449219
22208,41.92171
22102,23.352535
19073,5.1715736
7260,9.132859
26218,26.239248
14257,6.393268
23727,20.929667
26834,5.1142406
16217,5.917886
21877,4.4740887
21948,26.55942
2930,39.313835
28070,8.364467
23058,34.517918
6642,70.23033
21142,3.6602879
17771,6.784392
2233,7.2037835
14094,42.522987
18963,4.4893064
22403,36.555492
14544,6.0808706
13849,5.790808
16318,6.912592
11210,43.935898
12999,21.046984
15067,3.3258061
22579,7.290391
9505,8.043102
11449,5.875212
5977,6.695053
21798,24.10366
27059,49.16422
8114,5.464098
3965,25.78069
16214,6.5502677
26310,24.558037
22639,9.306992
3725,32.483055
2437,5.2490134
20573,38.897163
22111,7.8368697
27417,23.858948
22973,57.601643
5436,64.54873
15385,7.233904
1885,5.35568
13867,40.062943
18742,7.641633
5929,25.47122
8219,6.2906656
28144,8.340124
26678,53.154266
817,5.502428
27342,22.467007
26391,5.310471
17076,26.364468
15685,9.660758
20065,5.543912
10925,7.607386
13501,9.238982
10794,34.180286
2834,6.27423
7591,7.745167
15062,6.918271
10161,27.317228
51,4.572589
21762,6.1008286
26152,5.790396
28513,21.154406
8812,6.7297077
2411,6.3716407
9638,3.3810906
7314,49.775772
7898,4.324113
10896,4.9227915
1658,26.03114
18588,6.6123147
12085,5.4952793
1733,7.2527404
27805,8.507316
20958,7.258955
4502,4.860465
14999,7.1024814
5220,4.554586
15458,8.984205
6278,11.25809
17590,6.690258
8578,6.1912284
23304,53.55254
12593,5.9254756
26933,27.640102
24988,6.6313477
21757,43.059097
23199,23.598986
6967,9.623231
10520,6.7532983
8533,24.314545
7870,39.908916
18557,26.080383
7896,6.29978
19720,7.9161
4116,7.0603037
6924,5.084243
4208,33.70396
23889,7.1391354
28483,6.299924
21438,7.726725
12795,19.717073
13759,48.818108
21693,39.044567
364,7.2304068
7501,5.6502466
16913,70.551384
10507,22.854395
13844,28.022324
19479,9.54419
3640,34.93541
7538,7.2097473
1248,59.39819
10456,24.068361
10775,49.04383
9926,6.0493145
2369,21.14287
2004,5.772312
21831,25.224401
25649,5.4943943
9293,9.268171
8465,59.05465
3408,28.467274
24766,14.371912
28421,34.151546
1159,61.16193
18624,8.06095
17212,9.432199
21702,5.9328227
17507,6.2729855
26594,9.165412
12452,49.986687
10341,4.1295385
1349,6.410346
10700,7.1011515
27133,18.704351
23307,5.160094
25336,6.4169345
18822,6.552111
27569,6.024141
7725,26.744713
19980,22.577293
4904,23.37267
24297,15.856969
26133,54.87811
14591,6.0860634
9109,6.2944136
3680,15.575728
17502,6.8014746
28739,25.885872
9713,55.149418
21909,5.020551
10540,26.569258
28556,6.1031394
7613,58.19054
12120,5.1182814
8436,50.5826
6873,23.352732
16642,8.27214
20479,-2.3004658
12543,8.011325
5066,6.59926
6975,9.244721
8104,4.7841663
5787,4.8627405
15120,5.559468
6900,24.868484
23788,7.1839995
16469,5.041091
5345,4.570791
13746,6.0929604
20022,44.849056
22157,6.7116613
5431,6.7081394
22146,25.744183
24359,35.17263
13260,24.200869
8678,45.565186
20449,4.9148636
15168,44.751926
15219,7.6480746
28622,36.333874
13605,5.1228867
23078,55.500694
24515,38.472954
3541,7.1452785
2458,41.775803
5569,22.362537
13692,5.0438323
28666,6.4438243
25779,36.196514
7586,37.96713
10912,5.933742
9006,52.59745
18294,5.975413
22667,5.7199407
19183,8.033291
11526,24.224443
9868,26.793867
25868,44.5768
18853,32.91118
26949,34.471085
8035,62.419075
19549,24.01543
18514,2.8565977
19611,39.560104
24395,16.214216
9905,7.129706
25543,6.7783656
39,30.906609
10811,6.6680303
5074,24.330988
24434,39.9775
15257,6.1299024
14145,2.887495
15071,2.3260727
14699,4.4505553
277,3.5632486
15703,35.661938
9236,6.7717195
10618,43.580578
12848,6.584129
5019,6.58669
16358,5.183621
12878,5.227358
9418,6.3484993
17846,29.709955
15583,34.451447
9616,23.15131
6051,4.9648786
12503,4.5660167
9320,14.926284
6123,4.459154
951,6.4912505
11111,61.885513
18913,5.736957
18903,44.680428
25982,44.383564
11788,24.402163
18783,9.114389
2442,21.330385
6445,9.016697
24251,16.715624
4772,62.92883
9135,6.2217994
27560,6.9398446
16464,4.741016
22993,6.246067
15064,37.782223
8821,5.854296
5958,9.655218
8585,6.543892
19633,42.695824
4500,36.505802
6895,25.06106
22017,58.083008
11012,6.5627112
19942,59.237453
499,5.987239
20556,6.522776
28301,43.027596
2916,16.015398
10411,33.39606
28505,38.279217
14917,3.9003427
26448,7.7400684
15313,58.41369
20218,4.4201055
4388,27.62665
12001,5.965651
3994,26.387037
22719,5.077226
15346,59.83809
23054,6.4763513
8394,3.9971976
8670,1.3372804
10449,5.270634
9113,60.967022
5422,5.887021
4332,50.684536
22100,13.51002
16029,5.3226724
28058,2.6715717
27840,6.928918
19857,5.393892
12618,6.07784
6790,4.924301
21546,4.9431934
12672,5.2805834
27437,53.97655
25187,4.255425
8699,26.444317
9778,7.3327484
9298,26.421852
15589,7.7697444
17871,52.243855
9535,7.265575
25912,57.45498
26636,3.4956152
4433,7.119165
24862,8.685032
19830,4.769648
5505,26.184492
11979,8.1213455
22233,5.4530993
26168,41.22654
16902,23.33415
8463,7.0040946
16553,57.170067
11928,5.364732
19535,34.26273
26584,43.114483
917,3.7232769
16945,8.458805
26062,25.983465
13933,46.477936
25849,44.51104
21116,5.7192035
2681,6.501213
4282,3.8880703
7194,7.568691
17881,7.825094
15464,25.642704
9596,3.9276116
7332,6.3085523
24192,4.010147
14058,5.459021
17277,6.8227344
9865,4.6019793
4521,6.8391304
9656,7.428588
13809,43.94892
26934,12.901107
20903,7.5922275
22574,7.0531106
25116,45.85629
21222,60.274788
23375,44.752144
21458,26.14182
4157,5.608299
17250,6.4277945
9503,28.529413
27951,5.29696
21827,7.6240454
3690,64.93969
1032,6.168056
3100,5.0743647
565,48.119938
9787,3.4361217
5536,68.75846
14244,48.669823
4397,35.582466
1785,52.093987
20031,8.633855
6938,7.4657793
22370,5.4901986
9031,55.36587
6026,26.92662
24535,65.91915
18622,35.04703
26203,40.59391
8156,7.571917
9854,58.23681
12727,4.3890796
23543,5.2218647
11772,38.45012
3825,25.297194
3017,53.46265
4297,3.814379
1516,31.75383
20575,43.315083
5556,34.827568
15690,28.173588
8050,5.968522
18376,24.377201
25744,35.75739
15773,6.0545926
24236,17.882248
6729,13.432781
24249,6.3044214
19193,5.6900053
26207,9.111443
3730,5.5392137
20141,25.052654
13561,5.489537
2228,28.026436
18396,6.821926
518,3.8030705
6049,55.369354
2301,3.1804328
16771,4.5979896
15945,31.837954
27288,37.742435
13218,6.880441
3235,7.4538045
16997,5.6435976
2870,44.128487
12014,7.4832354
4256,6.014743
925,59.793045
25612,5.6724505
3583,5.009824
21892,8.438541
26615,22.769897
7784,25.081175
7480,6.1445866
7007,51.355816
25382,59.773407
24326,43.30436
18333,11.199464
20161,3.228297
21867,24.074759
15951,5.4629083
447,50.53253
4761,42.02707
27260,23.088959
4710,7.954117
3404,26.722559
12579,16.843967
20675,42.969692
19656,7.071788
17350,26.371992
15898,6.9853725
17539,8.968492
18902,34.87259
12874,36.88657
26418,8.389789
691,7.352812
9694,67.80275
9918,9.774108
26291,6.484399
13384,5.967117
25971,5.0628858
19526,55.006668
27942,7.0194206
5437,3.6464317
15603,23.612072
5056,1.0305256
17487,6.0836744
17653,6.82168
27710,36.871017
2208,21.788706
7161,5.560169
20494,6.276405
25572,24.11004
18866,62.52963
1579,5.061743
8711,42.538227
9583,5.272862
28785,45.259556
19564,43.443806
18875,15.170952
24219,6.9910417
9542,21.452044
13763,7.479153
16644,4.3089466
24001,6.018971
19782,34.24755
21464,40.7299
18704,6.3251524
14364,5.0485754
12392,7.5839934
21193,4.719544
5831,57.06068
22249,45.047424
19560,24.186165
11113,5.6115475
3035,24.386177
22537,8.082197
11487,47.60316
4312,3.807954
11464,7.9131975
11590,23.323267
6327,74.83639
9008,9.500513
12175,7.5635285
24771,6.8630056
12898,6.1201816
15927,5.028012
16252,41.77242
6931,40.780212
18548,5.9586835
512,6.9819016
10928,6.7827897
27542,46.830482
26621,6.637767
19959,51.02266
26337,50.216557
17186,23.172897
10860,62.84722
11255,11.617756
5581,6.706894
13497,6.867333
23268,23.05167
11826,66.341736
2334,10.980272
12570,7.4938483
17435,3.3895109
19496,7.71197
28059,38.844494
6617,48.344128
13629,4.6457567
12622,34.785667
4861,23.065407
5612,41.316696
7487,60.98731
21970,8.53716
10815,65.087555
8238,23.082174
15264,7.8710475
14224,58.08965
12944,5.6649265
19174,60.67169
27404,10.157
2263,28.135885
20856,23.26632
28705,35.494884
10623,47.583805
3187,7.794543
2375,5.8270345
10150,59.04982
9754,6.51171
309,6.5450683
1326,25.86835
12530,7.172991
25900,20.98401
15916,5.767416
7641,24.58261
19590,25.20452
22795,25.672432
8069,2.823569
14564,3.3763368
257,5.523933
21918,48.43177
21079,5.393872
22720,25.92894
8880,5.3469925
8655,22.286583
16280,4.976398
2344,6.282715
17872,60.041534
17006,5.3515115
19781,7.122826
8610,32.629784
4802,5.030462
25537,9.680997
19092,7.488806
16175,4.8197613
15682,10.559173
1837,6.630685
10639,6.4244103
5611,8.240903
15253,4.5857043
9280,5.4658484
6964,4.6952662
2908,41.42534
27594,35.872147
23102,6.569305
8862,5.602761
8853,24.637486
12482,6.3327055
9387,6.7624063
13332,3.829766
26262,59.46447
26017,34.993774
26858,38.753876
5048,5.598263
24894,10.852282
528,56.398262
22620,63.24218
7632,5.796115
26160,6.6662455
15640,50.358585
22972,30.233404
2685,39.360687
3300,4.8291507
709,49.323883
12079,5.8649287
28463,36.727776
24498,22.895737
13524,5.7210836
12689,58.62532
7509,31.670822
18239,24.815338
25167,7.167162
20686,43.431046
9676,6.2504067
8142,5.8395553
21286,65.456726
5394,59.815056
3303,5.2611704
673,3.7645838
12047,6.707069
7200,5.5886664
20069,5.792385
19547,56.07705
1003,4.9399834
360,12.757293
9306,41.01817
20342,53.944584
24012,2.174308
21479,34.338974
10383,4.653137
23553,5.2497697
19954,43.729275
22063,6.0472755
15799,4.7017355
17555,32.414013
23797,31.693243
14531,3.088895
2219,7.7058764
16881,6.1434712
24501,6.9687853
16310,9.417606
7976,11.5062895
1260,6.2183743
11582,55.03293
20830,5.109435
11329,43.12279
18502,9.663123
15463,50.525196
28549,8.908139
13989,3.7432773
1384,5.862373
26667,6.8493786
10371,4.191876
1306,4.35646
25857,17.972643
23017,22.661509
27321,5.0780473
13230,31.131025
20645,3.7248812
9481,3.5517604
8386,7.791155
17823,6.5778985
15867,6.024775
13564,40.203682
16700,6.1075625
4905,5.5619535
25781,35.91417
16954,4.4393826
27918,38.658176
11042,4.8666124
23318,36.30544
14423,6.282989
1984,24.088774
24314,9.483116
28123,6.1739655
21297,5.891431
5189,19.731043
4657,7.770024
7636,23.776531
7046,37.292164
8380,29.39269
23530,6.5067563
10530,54.29144
19367,6.111982
13585,35.886684
21572,24.904827
12344,6.5767674
14199,5.1064887
16581,35.02016
23474,6.087453
27052,56.534756
14840,62.59717
1871,6.5603404
25178,6.390799
18406,5.598948
10886,8.852886
17430,7.7647943
19669,41.783745
7808,37.17232
6322,8.784564
539,14.97488
20133,53.085136
20425,28.334112
20828,17.6678
24233,6.3401456
28436,4.6316247
23732,6.563717
1522,52.159153
24619,8.123507
20495,5.9372497
15955,46.09181
4730,37.802284
22408,6.210879
21535,45.08068
3537,49.74008
14980,44.18786
2314,58.057938
15233,9.470218
14021,36.30492
6250,6.043031
22546,30.145462
3092,5.207948
9075,33.83535
935,7.8044653
5408,10.785618
21492,38.192024
13013,7.0060086
23885,55.57495
19409,5.0001726
11595,7.6964126
12992,2.0273435
4996,5.9213405
3722,9.820592
16617,40.43434
23916,5.2798214
23048,19.942318
27115,7.2878394
3067,24.760084
18494,25.456974
244,66.699066
23698,4.226595
28661,27.22406
1109,36.868263
11891,6.3535995
15599,4.490039
18858,46.53223
7750,4.4375772
21875,43.513447
9417,5.7250805
24607,10.798764
10777,45.191387
22072,5.279508
11014,5.107982
27390,44.001392
11354,45.09714
17614,6.407426
19487,42.617565
13738,24.261238
28031,43.423046
16546,41.572693
16412,4.403786
15382,26.843338
3630,7.7778134
24946,6.9915075
9931,30.188837
210,6.7591953
10899,26.296524
22484,61.49125
5879,6.88785
16840,26.288637
25058,44.32257
1398,7.0049906
13767,4.035396
18560,7.420027
22404,39.276627
1537,6.30436
7599,53.66812
17893,43.678303
23629,6.641745
15410,6.151154
25544,6.3160396
19514,40.80781
9281,5.9380608
12221,9.18012
20171,5.0360136
9406,6.9993744
18115,6.9545918
23994,57.44165
3202,5.103429
20795,5.6601133
15330,6.198428
7994,25.600054
19663,6.1991663
21278,5.262631
3166,11.3417425
21457,5.8600993
8487,7.1105433
21893,6.444514
23165,7.3055634
21984,5.8026423
12254,19.734644
1273,40.424465
5775,47.277893
7620,6.596837
2924,12.068549
20049,7.2459273
10177,8.469622
28319,28.660765
28052,5.258466
7265,4.0608234
4667,8.016296
23818,7.4130907
27305,6.707288
22412,26.396376
2690,24.958178
27073,6.87407
2822,8.996989
13028,3.9061348
27845,2.8462276
15327,54.749344
6989,5.5142093
19843,31.981781
13916,6.4755926
12556,44.322598
11320,10.220655
22258,24.328508
3867,43.05165
15326,5.2503524
28539,39.110977
23751,9.577307
23706,13.061086
13344,60.45267
17662,6.723545
4899,42.788074
11047,14.024538
24306,22.279242
19951,4.854543
28105,23.649307
6177,45.405575
3950,8.861758
3168,25.95825
16904,55.82404
20347,8.932975
16212,48.233063
10637,3.6076996
22540,6.299614
985,6.209703
1476,51.382652
17398,5.7432046
6189,30.501583
13615,4.1365385
12932,47.782032
791,5.1521893
14836,52.246265
2260,43.162144
21067,43.965584
2642,5.5118704
12859,3.6359334
26053,5.293707
22163,45.85524
20052,6.8125587
28395,23.346199
17858,6.4617043
28130,39.85805
20174,32.40074
19504,27.129581
19858,6.4440312
12902,7.0419135
3076,26.928513
18655,38.719463
4605,29.109367
12418,6.302106
25236,42.776623
1639,6.172287
23210,6.743665
27456,24.62924
104,7.8274813
22223,6.8787465
19002,6.6501718
20643,7.5105886
11009,8.270173
15848,38.686916
7868,6.5878925
1758,60.995422
22827,5.7477207
9736,5.318043
24961,34.522976
19315,2.7014353
25923,7.013136
20354,6.242628
14848,25.593088
25144,7.8331656
26051,5.338556
16734,3.4677017
2199,8.024219
7003,24.307003
5992,43.595272
21068,36.68769
10933,9.296878
22352,5.2690096
25147,6.2710924
19187,3.6965244
1101,6.6208615
2380,7.569084
6654,4.421393
8064,30.195498
10435,38.17232
15102,9.950292
26453,5.6421504
7290,6.771794
4875,5.952961
11265,5.8336973
13514,5.491572
26978,37.46409
21659,5.248015
3525,8.111046
20090,6.532011
14424,7.4637523
16448,46.624275
22054,3.868621
7770,13.656602
26316,5.9464307
4990,6.2419543
8708,8.597829
20482,23.801306
6802,65.54598
19119,5.1333756
3078,33.928158
1681,27.099571
10031,26.106628
19484,4.5642385
14172,5.8756413
7423,5.5426784
17117,4.812478
28743,4.8268127
3227,6.6493654
22842,4.706909
25253,5.246203
4207,7.6044593
14738,27.630852
8787,5.7074866
25526,7.5616994
21043,4.975929
13907,25.4143
8612,51.25022
14532,34.74593
22844,58.90357
992,9.751568
19571,55.26535
4853,6.1260033
19173,68.992935
24805,63.76503
26864,24.031412
9261,7.199335
19810,50.558323
15216,5.8137474
12446,40.82059
1570,49.60456
8124,19.647127
27503,4.8932996
17409,25.616991
9488,7.799048
23998,19.117905
7180,50.228886
3787,7.8758965
19557,24.067787
8108,6.9408426
18113,5.44253
19392,6.610977
23795,40.817295
8948,5.003496
11327,45.874935
2420,2.0468934
5620,24.556635
3148,42.727867
16703,3.86334
14753,25.78602
23860,29.62306
11138,4.0379643
24788,57.374523
13316,6.520882
26866,5.284262
15542,6.042671
27593,6.1811543
24215,63.13702
7199,44.14512
28686,42.477703
8629,28.40804
12314,3.9016867
23364,4.2221985
20734,25.499027
21882,7.2394047
22655,2.527013
14545,4.423976
1169,6.884174
40,7.7023153
12637,3.6065285
19754,6.643394
17544,33.941845
10464,35.50128
1497,25.129662
1538,32.04342
22855,46.896805
10419,6.5578923
24685,5.168687
3060,6.798987
9284,7.1252356
2978,6.5147166
4064,6.085396
10994,5.6529713
14205,8.083473
10363,5.4873943
14860,22.539274
14700,6.200895
18616,6.534194
27020,55.032627
18274,36.25998
22132,5.3681226
24255,58.5633
8986,4.974676
26298,4.1783752
20403,-0.12816726
6364,45.165466
19518,42.281483
13143,41.26625
14516,6.2484255
1707,8.767954
3193,29.55576
12977,6.908688
27629,5.781058
11259,41.82999
3634,46.69667
26786,5.426876
10329,8.978121
13433,4.8997107
25664,5.9029984
24608,40.37117
27038,26.746515
11680,23.525187
403,6.8915715
18340,8.171239
13360,19.12814
12854,6.3678803
9801,5.5466084
28535,5.8018885
14594,58.585957
15923,63.83418
22828,6.3325815
7540,39.304108
26459,6.404025
21682,50.69189
8092,5.0685344
18678,5.151043
15238,7.779489
6794,25.315756
23485,33.22565
6111,35.418613
15379,3.740423
11497,64.52282
17921,4.124005
13067,6.2601233
1550,7.246411
5330,6.8531156
1523,7.2662416
6226,9.522723
3487,6.828873
14735,64.54951
5262,28.219543
10311,6.91451
18264,4.411916
17005,5.7747846
27508,4.9143896
19950,4.5203323
11781,26.118494
7388,50.96778
25579,54.619698
16474,8.763176
13290,9.301485
5513,8.385571
14323,7.144822
20432,36.640327
4003,6.1031094
24956,8.061517
13210,4.5910892
21955,7.3506255
10544,51.95658
5184,4.4181
20156,3.6853216
27205,5.6747017
15012,6.092059
9825,22.942564
26565,6.4709964
27659,58.805626
23975,0.6063479
14814,5.4938984
19543,5.453733
4867,5.28373
15322,6.6478176
10197,7.222574
27939,59.277622
12031,7.1486797
8065,7.2275543
25675,26.1949
14997,5.0742297
24252,4.397938
3845,6.9020567
22104,54.219067
2054,3.9998868
1734,46.188206
18139,26.910963
23584,7.43619
4300,6.4663687
12824,4.365472
3344,8.805817
15886,35.869507
16076,33.758923
3810,4.982265
4257,32.10796
18635,18.421322
2641,28.716578
28354,7.038961
25910,7.1037693
13777,41.06239
15567,5.931944
25550,22.618288
4588,26.731258
12732,39.12514
20402,38.28729
12448,58.191704
957,44.659416
4573,34.98207
19595,4.60594
1021,20.419334
22489,4.0881977
4378,20.667635
17274,43.914864
28508,8.14785
4603,2.6916404
5753,20.235416
7327,7.543086
27271,5.877801
2971,7.308998
21243,36.781322
15141,20.048042
1918,42.990887
19932,55.808502
26631,4.330547
18345,36.149376
1739,39.272446
579,5.61747
1486,4.502483
22820,61.840538
25291,4.996733
3936,9.679592
20764,6.6939044
13083,27.680119
25154,31.585575
11312,6.940581
17903,5.6061006
1046,5.166579
10744,5.8248587
8273,6.133829
4987,8.337389
1972,6.619243
15267,44.595123
24745,5.392336
13850,6.111138
20517,45.087467
424,49.763348
18534,28.178707
3401,5.473417
23883,23.551327
23015,7.3468165
24644,7.406407
28203,27.530525
886,6.9364195
9343,25.91254
22593,35.998543
973,37.92355
25813,4.0278945
9534,5.224349
16664,6.500611
16639,26.719759
26903,5.1061015
6282,5.369601
20077,5.5101438
3791,5.3137236
19305,9.023085
28233,35.384544
10350,47.689915
13355,21.370293
26454,17.00598
24952,24.521982
20567,41.574356
23237,7.1384954
6342,2.9074109
23807,8.04403
22438,5.9211373
5978,6.6846967
24640,30.706974
5439,6.8946753
2838,38.35567
13263,9.692514
9194,5.349047
7547,30.69637
774,43.54616
22974,54.477783
7521,33.707176
19963,7.7761908
22119,4.7439265
301,41.888756
23729,38.645504
27900,55.191628
21049,4.740469
7153,22.984066
19299,6.911485
7355,23.427326
7789,45.506897
8036,36.538433
23959,26.69344
27824,9.588619
17124,10.771442
23792,54.05433
4771,3.1079028
28022,3.3936892
7056,36.789585
15092,43.606182
26728,5.801088
25010,4.992927
16500,4.172568
27543,27.671015
14716,7.2991443
4431,7.4614654
2505,22.838764
7549,41.874863
10336,6.996384
2142,62.621593
1542,48.682102
24801,4.514415
5549,10.560577
11235,6.056106
24627,25.686956
9788,6.534453
26840,5.712925
26447,6.951071
26763,24.203373
26873,8.914727
19815,5.005766
26369,12.157339
4600,5.5391736
1886,27.307594
6936,4.9174943
17239,38.51959
24621,7.2793193
25560,9.220989
3737,8.625099
4273,7.9759502
3724,5.851845
23873,49.411903
2006,6.337132
7700,53.277584
10869,35.73509
22787,52.835186
23696,5.6879888
25780,5.459808
27277,22.89193
13576,27.100004
20637,55.249794
23444,37.15369
7386,4.0463767
22000,4.983838
15412,4.52829
2020,6.41659
15156,5.411243
15576,5.5578
23415,39.392223
15331,6.6294994
26810,7.0198507
5593,37.78825
24689,46.90374
5943,41.303093
24905,6.311406
3989,10.206778
26821,42.779945
13854,34.825687
23423,24.840992
14726,4.9647923
25809,4.721613
20173,10.840286
28511,10.684823
8334,22.823269
16166,4.613416
11758,4.0798774
16130,5.1005664
20227,7.0770874
16463,4.067824
5316,4.709463
2877,45.245552
18354,5.6067834
10431,5.3905616
5021,5.4393263
3972,10.609342
6205,37.64294
16263,6.169036
20721,7.885553
13681,38.139076
8202,4.852034
21692,4.071743
18336,7.8753586
14109,24.081392
24964,4.4013734
8396,4.8514743
24334,43.10609
19395,51.006042
19524,40.46984
12850,24.043482
22380,6.315029
23431,4.0454817
24190,16.207302
3754,50.129353
16760,43.609856
24384,27.484753
22095,7.0234184
6803,5.6765585
24244,52.47965
24058,4.8787107
16527,9.163267
28194,3.8614895
25888,7.1903777
23724,3.9182975
2234,8.770954
27586,25.911884
8040,49.15534
16991,52.17336
13259,5.491922
1009,25.971407
11651,6.2705894
26714,7.775324
11803,41.5418
14744,7.3324146
26804,6.774867
9472,7.491583
10553,4.7243733
22020,21.183983
20710,4.240823
7171,44.17475
15395,33.161694
6771,44.170067
23068,7.725859
8350,6.598682
13703,7.9163156
4098,4.1750174
11486,24.600637
23382,35.128338
8218,10.115569
21977,43.466225
19647,4.9971085
18955,24.610006
1232,33.974663
15588,15.318661
13535,55.019653
2245,5.661146
3144,6.953943
17673,4.22236
28276,23.513044
17091,25.626183
26035,37.68806
9874,52.80441
2564,54.509697
21273,5.663966
13770,5.8127685
12030,6.193819
156,6.702901
28312,5.769799
5197,8.679123
16123,7.477487
20552,4.755382
11301,4.9210825
23244,5.525046
21847,58.51495
2576,5.521359
6091,8.416763
21785,47.053658
24381,4.078673
18609,5.8175664
4569,7.460133
9291,6.190201
28339,41.36909
10696,8.058193
19057,3.6767483
9702,5.7906528
17087,55.458412
5909,7.5038424
7840,6.7290907
7055,5.1152534
11890,6.931792
21104,39.724705
8571,5.1456785
7233,60.09509
5899,7.162095
17011,7.39107
5854,22.151016
2601,25.284761
1049,5.0049205
11362,38.38186
23851,34.729813
8230,63.707607
23018,34.63741
5871,34.671238
3020,3.9160912
18021,46.373993
15889,10.062581
15721,5.647229
4715,4.0419693
10893,4.3376427
5812,35.998394
20951,5.4502916
21890,5.7387266
19292,34.08945
28633,50.84542
942,18.650988
14635,37.841553
7419,5.3198724
9425,23.583107
22856,33.513687
13700,4.4066668
6707,38.135124
3418,66.05714
23910,27.416878
8801,8.766751
23914,35.789524
22121,8.9299345
28235,54.66165
1899,4.361567
7247,7.050138
13761,6.7663593
4659,6.34377
8318,19.28236
27010,23.86996
14296,48.525227
10541,4.2073207
17674,14.083334
8706,18.08455
26886,24.76269
18137,6.901342
3911,65.39175
25376,5.715796
17232,6.9698534
8126,5.6688485
5924,5.1384873
16857,8.517869
15755,25.416212
27692,45.29026
26031,25.76391
21595,33.35189
27036,7.61442
567,23.046667
8157,9.267145
24400,33.587254
14259,8.855217
25812,5.965444
16572,21.196411
26599,9.161958
1385,28.719427
20168,5.328229
27230,6.2952614
13740,42.761856
2800,7.005166
27844,59.742195
13079,59.66983
24111,28.691637
22773,42.13666
3893,36.36357
27690,24.652468
24023,3.6421962
27107,9.933214
3444,15.475861
23125,42.663136
4090,6.754726
20200,24.140985
5636,18.730688
4004,4.203572
5564,5.614057
6552,3.896769
27201,5.6288223
6375,5.672697
19159,25.641438
27902,4.8695526
24516,22.345953
18551,7.3106737
23135,5.4041905
25818,25.159
21145,6.7454185
23173,6.482492
20554,6.5224996
12395,55.248096
5746,25.796982
16067,7.7756333
16719,5.7713165
27244,57.12545
28202,6.808844
26517,58.650665
23646,46.179752
18427,61.605053
3868,6.105847
5774,38.288895
8775,6.2510047
9792,42.240314
24947,6.5697174
2725,6.145743
28753,2.6445873
4174,5.6963167
5403,9.696739
1600,3.8606913
23771,7.110437
15039,6.431953
17697,30.482565
23781,25.147272
15882,18.034718
14872,5.787659
24494,6.92201
2048,7.0553575
22892,4.567381
8001,62.534653
21701,6.4021425
15429,7.0442486
18491,8.516731
19739,5.0796237
8814,6.4835095
23990,25.541431
2489,4.7613664
13187,38.872353
24517,6.3653374
2597,7.3734126
16223,4.225796
15704,6.1035404
8482,43.757885
24254,5.6387067
16509,54.936172
16794,42.249935
21070,10.4558525
28346,38.295437
5798,44.061005
19394,4.910235
5482,41.645027
4000,8.7312155
1409,7.152076
15259,3.769787
14304,40.419903
1915,46.11988
26183,26.200104
27047,5.025552
6937,24.54397
18507,7.0110483
21564,8.268039
27188,5.5846624
21575,27.246222
18456,5.3746533
22316,9.461006
14777,61.048557
2698,6.245277
11460,54.602737
24338,57.330265
4291,8.156018
15347,54.579414
4523,4.0529966
15552,5.1964927
4690,6.955002
159,6.923871
20564,5.9997044
5634,5.778781
17534,6.970692
5098,6.234002
28132,5.26506
8788,37.052807
1764,5.0683885
6030,6.3569493
2607,39.25743
6683,8.538828
10865,38.17493
6591,8.36335
17510,38.76283
13469,5.4187484
17670,6.174304
24198,7.7172656
6500,5.609391
16652,45.935005
15417,36.23044
16520,4.49158
19835,6.3376174
14798,59.049488
12325,56.22817
15122,8.565899
26515,0.7642151
8640,5.5099483
22108,70.091866
3762,33.71836
10717,14.538862
18337,4.508173
6468,5.313054
6543,3.5783014
12771,6.825932
5933,21.769186
13287,16.36149
16173,5.590979
12317,4.256604
8790,23.54168
7183,7.249725
4649,5.3781595
5474,14.576785
21122,4.0009274
22804,40.45833
20719,17.473776
24301,33.270416
18356,41.022545
22086,26.23589
21230,4.974298
1998,5.561242
6868,50.18165
3533,5.054006
1737,65.73138
7227,25.676207
12409,6.2234216
15080,9.20385
2360,3.6710365
8695,5.296157
21236,4.850404
19328,31.044434
8855,5.114197
21493,9.331337
20785,7.395085
5756,5.517678
22911,8.155209
9179,5.6696143
13583,6.6087065
24828,4.991201
24913,5.6958175
22508,41.543945
15019,63.385567
19517,4.829975
25428,4.5051827
1674,3.1357567
28119,23.248863
4566,40.41791
2307,4.311532
12981,23.796316
20536,20.53365
13676,5.602972
26384,41.812725
14561,7.247914
19569,36.688145
4425,38.22438
7741,6.0872946
23337,44.8965
20777,5.9717903
15202,6.8482523
11149,3.7595694
22629,4.5907755
22837,4.9647784
18957,6.120164
3755,36.201176
9224,7.676096
12351,2.0766516
6572,34.54394
16800,51.28744
27663,26.31648
22387,3.6931317
14017,30.242035
8600,7.1130757
9019,54.41819
27181,27.865435
23712,41.11178
16763,47.694275
10797,6.6207905
28706,8.554864
6668,4.8941956
18658,56.233456
1189,2.9360461
18990,7.1612964
15541,45.320087
25431,6.3525596
21462,6.3040953
20704,9.469061
2394,6.0810947
2662,5.8370686
18097,7.5980067
25556,46.294876
2090,25.003923
17859,39.701206
15586,41.890396
10607,7.2419024
25684,4.500973
10173,6.987818
19540,26.221315
1804,26.495832
14191,5.297622
2067,6.0099025
8017,21.719423
17265,37.867886
21860,4.453184
17178,6.3398128
23758,43.93911
176,57.68389
27838,6.5057707
9789,8.720596
25966,29.330362
10711,36.52506
28363,29.424461
15725,6.751354
1717,38.896606
12829,23.518242
2511,41.829914
12803,40.13482
12357,7.8871694
3323,9.869248
21823,4.3367066
19881,26.460363
7737,43.85989
14195,36.608494
26679,14.056175
4673,0.383725
26288,5.87109
13999,25.175316
28128,40.733597
262,8.16465
2608,6.0286036
8828,30.362759
3747,25.356236
6747,22.15059
21026,7.369054
15618,43.8372
514,40.225967
16186,29.739397
26465,38.862904
19167,6.653289
11930,54.587513
25386,36.627068
10041,6.8421197
3721,6.638362
19470,26.041256
19060,28.257662
14166,8.928494
22902,26.399773
22010,3.5303583
12855,9.436534
22285,6.567499
15184,3.0636792
22078,6.511737
24611,6.684439
12609,7.6069155
1170,55.354496
22614,41.397987
27807,4.1663246
26032,5.979494
17298,26.072628
5840,25.620258
26195,6.954204
12769,6.3339314
12262,8.666109
20196,19.252373
475,56.66459
14881,7.414835
23585,13.853044
26754,7.390733
1735,5.709365
20075,6.344209
5435,26.9759
15521,40.633766
16688,40.536217
27590,5.1106014
5571,66.94359
5692,24.729809
20271,22.419043
24795,14.874824
7331,59.147408
10766,5.2148156
12758,57.290405
18234,3.1092546
18247,27.674088
8346,6.6870184
17468,33.335598
13624,23.349154
9213,5.7180953
5078,39.665405
20481,49.92635
11667,41.501022
5284,63.00262
2864,31.363419
6089,24.658209
28433,43.191216
12393,7.1630926
6618,5.1144648
15678,39.751755
8257,51.404823
333,6.532996
26208,4.284226
14867,7.0356884
24205,36.22517
6420,5.2091465
17995,43.50264
4328,25.745808
15646,43.279217
3093,59.077347
3175,40.85657
18518,23.678625
298,5.086528
14950,3.422562
27395,31.73078
5973,42.267742
27231,25.676638
15241,6.5900993
1478,6.0155587
6652,4.1232877
7057,24.169043
655,5.596968
10451,25.007673
8067,6.188798
12112,4.2872934
7220,24.606796
25065,22.029127
8244,24.554688
22443,23.079689
19645,59.059174
23652,10.190051
1142,7.619407
4584,5.366971
14353,4.224356
11270,25.561249
19189,7.074436
7876,7.1267934
21838,27.757635
18320,10.623716
9287,25.285229
19709,5.2532153
7047,10.338862
18243,7.697715
25763,5.4569607
24728,5.4586325
2832,31.3777
14285,6.9204087
21747,23.175776
15371,5.1755943
10565,17.83678
2237,5.2832584
15050,3.8237305
776,9.190528
13186,60.849033
19054,6.155907
16825,61.138935
19727,5.251893
25210,39.448734
1112,7.4659715
8689,22.53921
12417,8.8808365
1373,10.248782
20527,5.1785903
24924,49.598263
16859,4.141317
18028,7.207521
18950,23.123137
20431,7.316616
9962,4.3219895
7785,23.973665
4461,9.263729
14921,4.3456173
5507,5.183611
15666,5.9475675
8665,8.139966
25495,6.3814826
8422,36.9238
28536,7.0250516
23719,3.1106825
16301,61.075592
13371,5.5130415
19716,5.58538
16403,7.829094
632,6.9158773
24889,6.547054
10505,5.9122043
6112,6.01
10542,24.088757
27929,8.611817
433,66.30998
5447,8.911733
11349,22.97991
16331,9.694067
26773,43.776787
24303,22.596935
3535,4.904299
28271,7.3731093
8201,7.134008
2306,67.03302
13209,44.528496
8175,23.045343
12726,6.6010065
15924,40.867558
24718,3.9247708
16874,6.41406
3382,5.700051
23012,7.761952
28160,7.2705235
9440,35.643856
12701,25.658936
14812,35.100224
17521,15.687147
11010,46.438942
25630,8.257726
400,32.431965
15240,62.509773
28746,36.74145
23484,4.9246573
11325,7.2709627
21030,57.01818
1903,12.473104
26086,38.51048
11740,4.4325767
3152,6.9244013
19965,22.835562
9587,4.7796993
20328,6.7498612
2244,5.5049806
21517,36.228718
3691,8.655165
16967,3.7918952
638,3.879042
22784,6.2777286
5740,40.924442
25363,5.711072
25473,49.24763
18366,4.154832
19771,6.0581203
11346,2.900362
16533,26.085102
17210,8.38937
13109,8.762564
13768,6.6160507
7559,25.128109
22101,9.46889
6699,7.7320137
9145,23.47414
11394,3.6725988
5865,60.478153
17814,3.795533
10569,26.203785
4525,46.546795
3615,4.5666456
11475,25.966034
26519,6.200898
22125,22.155857
11623,7.0061107
21609,5.1011868
11167,41.12815
21018,27.277437
4635,5.3793364
28420,5.114061
25732,6.5141006
7296,6.262067
5528,49.53935
16837,10.875003
18033,26.084793
16894,7.916264
19538,7.8210993
20036,54.83258
4287,54.620693
2883,9.252745
11985,58.156
11359,51.54611
21249,4.7571154
245,46.95035
6429,39.96527
26259,35.464813
19676,58.086666
24965,6.470754
17565,17.863607
12052,8.890923
9761,7.7402062
6008,4.4405713
11615,5.7685113
28137,27.087246
25674,6.4628873
27354,50.007935
82,27.470055
12517,3.3447201
4361,31.271116
21541,43.012676
1164,9.379973
2302,6.9403715
15256,71.346214
26114,5.5150676
7802,6.89175
8908,55.155746
787,5.673141
18389,5.69904
5365,25.596085
22342,5.788482
9364,7.174405
10065,6.165519
2321,4.7347584
14072,6.4574633
9118,69.85468
16490,9.450163
2455,7.148745
1670,7.0453
28180,22.9007
20995,5.40565
501,4.143745
15185,70.07511
25823,7.4675307
6799,6.4962244
12105,6.735212
9867,24.357626
275,8.488955
26836,5.9398065
15698,5.894994
6128,22.655155
22150,4.672949
6183,16.42944
11658,28.166052
22044,3.590769
23755,5.885309
2874,24.9942
18515,6.7341537
15473,8.454896
19591,24.012835
5792,3.6417608
9668,37.719345
28515,7.3181853
28262,5.7522106
2807,6.6731787
2687,40.72447
21384,6.5677233
1204,8.497346
365,52.93936
20561,38.371048
12437,41.070797
15809,4.261702
7173,3.2713895
14599,7.179153
14849,7.450524
25824,53.497925
23810,9.813694
27268,39.919678
7206,6.0175414
11965,34.64943
13956,4.7182026
25318,61.263046
21207,40.95351
1451,7.193331
19713,43.293545
13463,6.8090663
24263,17.832424
1013,6.912098
21336,35.79078
2722,4.7388487
15124,51.608307
7027,37.91926
3123,7.1729827
17016,26.174257
7863,44.854588
25447,47.64545
20343,34.70942
4229,6.932263
6266,63.60164
3316,45.92
4356,5.4000945
4342,48.433292
4939,8.854179
17997,35.04945
2720,5.591381
26012,6.490834
9367,6.0200386
3331,39.175686
7888,3.6691432
23919,4.190678
2315,30.287352
3567,5.694787
15300,53.414043
2872,5.5043483
3958,52.57023
10016,6.435101
2849,67.518524
4553,28.975042
1408,51.785107
23776,18.919085
18035,6.6310143
14400,5.1448293
12267,24.39784
10915,5.491299
2206,6.241903
12491,6.953753
13066,6.340651
18630,19.89352
21374,18.015072
23956,6.229214
15159,3.406765
12885,5.2490735
9184,6.6930494
10668,3.3041267
21526,40.17822
28435,43.583656
13488,11.347433
25764,39.438187
27596,7.6138105
13348,45.097263
22983,60.832222
17027,7.291029
15231,35.51754
25999,22.782307
21717,27.86417
24834,32.001305
22184,27.201113
20640,23.672602
9414,7.413666
11386,5.8246093
9892,4.131301
10018,3.3143747
20008,44.13881
2446,40.262337
10675,5.9762697
22526,31.624586
21995,30.146929
28375,6.2255387
2955,52.87845
18653,26.216349
1174,6.0713983
19175,48.928288
4624,6.7566524
5203,10.074285
19927,35.21176
2482,5.5150566
25863,40.08461
25947,14.489708
10206,42.045605
21375,4.884948
772,37.623707
24165,43.725533
153,6.3606687
6582,5.9517317
15006,4.763286
23633,24.016094
6826,30.69938
8373,9.33727
2666,64.576935
26793,5.395037
21725,7.6325936
4995,42.442745
13458,34.75487
2823,6.2518144
8341,5.615768
8677,37.752464
9921,4.4233084
18275,6.7486877
14968,60.3108
14885,6.3809123
12893,59.01922
16032,5.9301915
12302,33.514797
25617,6.337512
23608,5.4700465
14388,22.417221
28181,25.434053
28617,5.62036
7838,26.774414
2323,67.823875
18885,6.059255
27707,4.5476356
12647,5.295077
24796,54.40277
25245,6.6398897
4637,6.8644195
12113,23.008347
28749,64.56025
8339,54.851246
21812,18.460993
3684,10.425855
1650,54.4118
25503,35.44455
1994,8.686844
14752,5.6995606
1577,44.975685
3616,4.6306853
10055,7.7790747
8424,53.90792
26676,26.575249
12624,58.1057
4020,8.524333
21920,25.941938
17680,24.3527
24638,8.67095
23578,32.143494
23794,5.706889
5297,6.317263
677,34.54772
18262,8.142583
9227,26.423918
4556,4.0804806
28379,27.958393
20268,29.295559
27831,7.692111
5198,63.75901
205,69.86706
22669,5.130131
2943,6.91818
3520,43.408176
28370,6.691323
11306,47.243336
10257,7.7991176
5696,7.389213
454,41.580807
20311,12.740851
11983,5.734
16184,5.8556857
796,6.6270776
8745,40.331017
10562,7.341207
24293,43.53949
18882,10.039245
14926,5.0448513
16289,32.27995
25985,4.9824424
20205,6.428292
23754,41.091873
14151,4.2480927
2988,9.571036
9370,36.287544
17053,6.451545
7768,53.497574
1825,52.331005
3549,21.341463
28501,6.9583316
17672,7.1994495
1108,34.047348
5662,49.19183
7517,5.0256643
4797,3.2567046
6698,2.9178061
26162,24.84183
24563,9.989207
9744,31.005253
18676,64.80313
23826,6.67026
22797,60.12867
6629,5.421658
14583,5.4981403
8107,4.5527496
22602,7.384635
5142,5.801099
16570,2.1596892
4788,24.206617
8138,6.6046915
27584,5.279868
5931,3.4002612
7146,6.4993052
15904,3.6054254
17095,23.595789
25170,32.535835
8081,36.31169
10932,5.323929
11468,8.142165
11840,41.211605
9603,7.9821954
28655,6.7753882
13842,4.3392334
26446,3.569842
4278,41.20926
8849,5.838874
3121,6.362982
1889,6.0192323
23124,40.543022
755,20.528011
21861,7.1393623
28560,38.46722
27463,53.52159
22718,31.038376
11511,4.8359413
5318,7.6217146
19862,4.7849374
5951,26.401115
17576,48.453346
14269,43.650486
28500,60.70588
22147,26.324986
19563,5.965659
3054,33.50679
17217,54.71654
6883,5.333902
8402,4.5379944
3650,5.6348586
3855,57.869625
16082,5.777852
11724,5.6729836
1498,24.117195
2668,5.9753895
6692,47.90548
18411,9.537044
2788,28.254063
24994,16.07311
10109,43.72332
13574,8.351081
26881,6.377802
11907,8.084202
12479,65.43698
3740,23.110092
23289,7.200578
9197,26.55834
15314,5.029959
20744,4.7167892
20190,7.3154984
22476,5.7032123
28557,8.064474
6063,56.363476
7874,6.8687973
23502,8.523865
14431,28.80018
5102,24.553
13005,6.413891
8595,23.492123
9816,6.3325515
12721,4.553307
23666,3.6490254
13394,4.819491
6797,41.405743
25768,53.88324
15106,42.020554
16980,34.930225
8093,35.828606
23566,5.406679
11082,25.296198
14122,5.1727467
14647,4.908616
18691,26.646095
27891,22.111675
8469,13.86616
22236,19.548374
24699,25.253254
20755,24.165022
15917,19.49601
22774,53.31387
18207,39.001007
12496,34.13999
22535,23.979612
21272,28.882187
14614,64.12191
19668,4.234912
11385,44.338398
26968,54.60364
6819,44.933704
11197,8.104558
16314,5.157664
22742,4.974304
20323,5.588862
12680,8.086789
5331,5.005025
11532,42.239838
16101,6.8880095
1090,36.6411
15409,42.88673
13420,35.61377
8019,24.691477
6830,25.20209
6831,4.2110515
21,21.76275
17730,50.592793
20231,62.500523
9466,12.651012
12336,8.365175
26000,7.581956
9920,36.175095
23760,39.702503
25605,4.751101
6869,31.568495
2533,6.465989
2694,5.846206
780,7.70087
2402,29.069864
25230,40.012466
2095,23.446827
19410,6.778558
11182,10.341516
17105,7.039033
19531,24.33873
12877,8.827347
1560,51.15715
2094,29.739063
11784,6.951206
7818,4.9381704
13329,6.067486
3135,5.983815
25520,6.867218
24547,10.705283
22409,26.577387
3365,24.985876
17248,24.52895
13950,8.878492
21127,6.6480675
23162,4.9820366
19238,6.830787
21502,26.19892
11607,6.538441
15907,2.891368
26452,9.324859
16442,25.344284
6389,49.059017
11530,15.341762
7498,7.9480205
27167,23.339943
10430,32.762
2120,22.757133
21141,7.0836644
507,35.03079
25273,5.5707808
7819,8.9488325
1365,8.500059
28589,25.17008
6204,9.874705
23062,18.993155
21288,5.0039363
22570,46.988083
18177,5.66263
2842,6.111253
21022,7.0609117
22493,5.8057976
6957,5.8658366
7644,5.837227
13400,3.9063847
18434,8.124387
16219,5.639912
21220,7.3968334
14047,4.8867254
4838,11.969795
20504,39.854008
26690,41.960705
2288,37.320488
10156,24.210245
26596,6.4373693
8123,55.301395
12342,30.736227
25256,7.732356
1351,63.335484
17443,1.3501915
24651,5.9798045
10038,3.6300864
26268,7.187437
15553,42.85187
8576,5.868958
4315,38.640266
4642,10.031278
27534,45.685966
14952,25.277035
25791,6.74097
18531,25.175367
15004,8.115961
10423,6.427886
15387,56.565487
4464,22.293556
22261,4.5627174
13006,25.505207
10307,5.2967625
418,41.29758
4973,33.701927
5232,8.198683
10906,6.9161663
16738,24.941626
17664,6.076732
23973,5.872586
25084,9.15284
26375,4.877337
23808,11.430613
2961,4.5025706
19804,3.7191336
18612,2.5205967
20726,6.0132704
4214,8.126691
25378,26.404306
8630,25.23166
24507,6.3786974
8014,54.26999
1666,28.339788
24670,5.1268344
4252,25.575832
25493,6.075266
19691,52.26869
2616,3.260677
6759,5.7821407
24665,46.334023
14252,7.5001554
11389,22.140186
26210,43.17362
16807,41.44262
11592,70.27861
20676,8.727645
23242,37.723927
18446,17.720852
27924,60.07648
8748,4.4755106
5709,4.9755907
25614,22.957178
17019,7.6043735
10250,39.519547
14773,37.95702
27775,6.9292045
13929,29.091799
2781,23.473825
9089,5.9149504
16478,39.97851
27547,7.1631002
16531,38.199963
9697,35.41716
8063,23.570215
7692,7.9518833
23940,7.4218917
2969,43.945244
4085,5.133486
13803,37.52374
11469,36.459366
23668,53.57949
14093,57.97195
8150,5.6217384
2326,3.7575624
17756,7.961843
12426,6.114107
7169,56.286697
16361,26.57641
3046,43.98693
24261,28.228207
13608,54.437496
24822,50.330498
21408,7.8764167
17040,7.430884
14090,49.520924
6113,38.935646
5448,6.475404
11672,35.501118
6976,8.925172
4944,25.286352
5904,27.566397
5893,4.8642817
26861,4.4010463
15720,52.38264
2981,5.1425037
20842,49.65899
4148,58.56392
9536,31.833752
9410,6.084216
6232,4.632118
1475,51.570637
8609,6.391333
8650,26.438456
23793,23.998693
15831,6.5682287
27459,36.17719
15718,40.70426
19994,37.03724
16460,46.424576
9162,5.8471737
23538,5.729258
3915,13.9261055
16970,5.5940113
12310,5.6406617
6985,44.55
1814,5.468168
15143,11.26752
6974,9.61617
8417,20.268436
4985,37.243176
24240,49.15504
23055,38.40123
21157,3.1219516
6796,4.520816
26275,46.060368
1844,6.9510546
23475,3.8878026
3597,9.3910055
10322,6.6261907
13134,29.105827
21653,24.62212
26781,42.497448
28055,58.27718
23886,8.227348
4976,7.072626
7034,4.9994044
24043,7.367551
3312,43.752174
23812,7.418142
27286,6.230409
11437,45.511448
20337,7.5812445
16877,5.327212
4527,26.718086
16209,7.909721
26871,8.7854595
6325,3.33983
11904,25.735582
21226,7.7308693
21550,5.833475
20428,23.910097
15808,38.129925
22203,26.157442
9652,4.311377
17686,27.098347
1820,12.001449
12268,30.063745
472,6.9753475
22504,4.608813
17412,7.308034
5793,6.60445
17790,6.370304
12779,44.32753
1748,6.4385753
22068,53.632862
8060,6.261333
28334,57.0674
16749,10.5643
23658,6.501301
22033,40.853436
22580,31.209347
14890,21.659737
13301,43.549335
10048,6.6944084
12311,33.92166
9571,6.88815
11610,6.5903955
25582,24.341135
3882,66.37619
25576,59.99523
26294,4.350811
15093,6.0472765
16999,26.778175
15714,28.376575
3270,24.725224
19798,7.3650746
1177,5.745667
22391,6.6183996
23290,6.1432934
549,5.6675324
406,36.727554
1818,39.546
25854,58.42146
14134,6.681106
14135,3.2044795
17198,48.955692
22250,8.648755
22914,6.8192797
24935,7.9382
8957,39.954094
7936,5.9374533
10894,1.7957759
2548,6.2187195
13144,5.3655834
25829,55.06498
10584,6.0021563
12572,25.897053
463,3.3132887
25453,42.79971
15585,13.592903
177,4.453711
26952,29.59459
21544,10.495349
509,6.042925
26779,17.674067
20248,7.5707574
17783,7.824524
7999,4.136172
24439,53.043987
11567,7.7384157
16923,9.887053
7036,5.30166
8958,6.3180614
27552,46.371483
8982,9.307898
716,26.615015
11162,27.289883
8059,5.4783454
2563,6.1265764
3566,6.8314323
24095,3.5099113
2619,16.395575
6761,4.767827
19216,7.870922
24308,4.9894466
2227,5.7555428
6092,25.58089
1162,63.170837
21247,55.850986
22219,55.264843
5530,4.0117717
13652,47.403538
10178,52.511833
17620,26.770626
1401,54.195908
1806,6.479861
11728,7.6937656
28580,35.78357
27496,5.9894977
22363,6.047474
484,41.845737
22415,6.0128856
4047,7.455323
6016,5.98139
7093,4.7851954
5314,55.95991
27714,39.72364
4038,4.92485
18553,6.0144377
18687,5.69197
1460,8.750366
26998,34.66657
9478,37.59654
18413,26.651192
21289,7.98199
7948,6.6104894
12246,43.253418
11644,6.593749
15466,39.27604
3156,4.0635934
10560,36.861477
1259,5.2066307
22710,7.712302
198,23.830898
3739,16.17626
18541,13.279663
22730,5.8480034
23708,7.5996737
5323,47.28803
15745,25.998096
2767,5.9878826
9335,6.522984
8854,60.639687
2064,6.4873853
25407,8.314693
13244,5.978407
24124,6.8988557
8243,7.4003196
18210,21.863638
28189,25.1961
14678,6.258012
22696,4.5016527
27412,56.074413
22331,8.852303
28188,45.03281
22170,5.028679
14246,5.314831
15500,44.533157
2023,26.412558
234,61.40656
5361,4.6870704
2517,2.7162528
6444,38.884052
12835,51.969128
19851,6.2975535
18642,4.681145
11299,5.8436418
19405,7.8526664
18549,26.624228
19899,25.504253
17352,7.0350375
24081,44.406864
3903,6.0393147
11034,23.79447
22592,25.404512
1131,23.145638
12975,8.30977
11986,7.1920147
5034,33.776775
7215,5.7779737
17935,7.7864423
1461,8.005176
27144,4.970779
3434,57.436287
6131,53.462696
16906,5.170834
19544,38.65619
14428,7.1381335
10476,48.85156
15713,5.767733
26097,27.977917
12841,5.1281962
18428,5.8646226
7190,6.805334
23349,8.544191
18881,6.1622515
21735,53.904076
24173,17.044788
15868,31.527288
3516,5.4592204
8959,48.69461
2106,7.5200915
21413,7.1314087
4149,4.8596864
9568,59.593964
21094,4.731675
28077,24.037687
23486,56.63362
11412,26.810896
9558,7.9987807
17472,42.82198
7399,23.09087
8326,5.528023
11423,6.7993555
14339,39.653347
15375,43.64556
13925,56.06373
28681,5.457005
17706,20.540972
15600,44.843895
26420,6.608646
24369,6.443313
16797,64.23372
25449,51.502285
11586,5.703173
22008,34.704353
21189,33.188515
22431,37.42063
21755,27.2353
21829,4.0729413
19772,5.062507
8816,32.480885
16768,3.8988419
28431,4.5176992
25654,4.4725537
12750,49.703526
4592,5.4281316
21935,56.695293
12261,5.440512
15446,6.4952984
12445,24.48944
27510,7.438993
22188,8.030982
20584,10.08327
10484,5.433984
10828,69.583176
2501,13.717453
12561,6.680144
22318,6.501069
21020,64.371956
4269,45.19099
10648,15.934491
136,62.347168
27666,6.354399
6482,8.288802
8144,19.237436
28082,29.371752
21351,55.990646
16140,7.6247654
3938,4.6055884
26389,4.5054297
4486,6.0225296
20285,7.0765643
11021,4.8429193
11960,4.701976
14293,52.798
14940,59.413445
18780,6.69135
22460,23.581654
25545,41.94389
10331,13.408988
28248,34.79093
3783,23.28761
23596,4.198034
1014,9.182769
10247,5.2901564
9086,5.0109234
4832,41.496227
25362,44.63729
14005,4.81865
4452,6.494753
5818,60.739162
20310,11.215306
25270,4.0651116
25468,8.139984
10404,29.056864
19703,26.818226
25416,4.096697
12632,54.808277
7259,34.724667
10879,4.231819
15750,51.87079
21002,8.168236
2265,46.870075
11881,66.88683
26698,6.1601577
4186,24.610565
2738,6.9031653
19735,5.7799582
530,67.68317
22190,9.950464
25590,5.9937263
22518,4.7326565
28464,4.4633894
22120,3.6932561
27943,10.5646105
27960,5.064047
27527,43.632076
27520,5.136964
28786,7.200595
28600,38.713528
26662,23.562155
17416,9.916528
23742,7.187267
10952,38.885292
974,8.352025
7879,45.90434
19516,3.8167255
6393,6.5538936
111,8.842847
20314,6.1728625
7910,43.06796
7336,6.255677
16290,25.655167
24330,29.993814
4945,57.305782
26695,42.62281
23804,58.36457
27746,4.6351466
870,59.8331
7609,27.857998
9246,5.477907
10248,5.326941
12266,36.53036
7081,36.293003
3065,32.058144
13562,6.105237
18133,63.660824
28527,5.756053
19447,24.124865
5015,4.804424
21133,45.67556
24101,6.6016827
2532,55.185146
25091,4.129445
15966,6.882529
24172,6.6198087
21585,26.768896
5975,36.205875
18071,7.5629997
13617,28.28907
10359,34.445595
25682,5.575239
2127,7.7341413
27247,5.687054
24819,5.58159
18505,14.997023
4938,6.9326663
23061,63.17724
2129,43.995495
15491,8.233305
3504,5.041216
18845,8.912183
4339,7.340184
19541,36.345795
28671,5.534284
22207,9.73816
16336,25.576797
7729,6.6075554
23993,7.529817
27637,41.52475
13270,26.359705
27886,32.199535
20512,5.2053103
8544,6.9190645
26816,24.772774
15400,5.805889
22506,5.295678
24463,1.2664914
16646,6.4544663
3181,7.460337
17061,6.0836754
25504,7.4018197
5671,38.057453
9888,5.267517
8344,48.768345
13590,22.8196
1119,8.832905
10339,4.791486
11958,7.847931
6613,8.455596
28321,45.11184
17173,36.739014
20349,33.630436
3910,59.129852
12405,6.2256885
20786,20.36085
12821,29.608305
24180,68.15494
2148,5.1417255
28672,4.289705
7115,4.8411207
25334,6.010688
14586,40.47168
8991,25.924486
6532,40.728134
18896,34.034325
1134,5.113675
6765,4.0343633
20541,4.5534277
23155,5.9569564
12086,42.064247
25563,25.397604
24068,10.293656
26219,2.019383
2318,22.055223
1343,55.369625
12756,40.717274
17064,7.604122
23344,39.272358
26682,4.6224732
7805,4.342919
12090,5.2333784
15041,5.9338617
21265,7.366633
25798,65.91855
11703,7.0634837
10416,3.2427266
13589,1.7477517
15292,5.927137
18961,23.932257
20510,3.493283
25228,5.821296
17773,7.8355966
15878,4.4564133
18236,35.73535
13895,39.607067
16846,9.226574
22808,4.847243
12348,5.5186405
19309,7.2317214
15090,40.08059
9805,7.2846837
27685,25.780622
28546,6.533231
16399,5.8240952
504,9.131331
6287,13.274386
13810,7.898173
19742,42.63138
27397,4.8877006
19695,53.90424
3603,13.961962
14243,4.624038
10314,9.820774
7597,29.23689
27016,6.0411906
1148,4.362164
16341,24.05588
4088,5.6886954
6034,62.578197
9047,5.62268
26445,7.1521916
15489,35.776028
8635,6.0415
24467,7.511193
16868,4.926362
5049,5.3550057
16526,4.626048
12913,6.3813415
5839,28.648611
680,5.714854
1020,36.40102
22875,5.417537
5562,44.346684
10251,38.06844
3612,5.4634953
15384,6.158684
16302,5.7278075
6474,3.9359777
15946,61.865288
20234,7.9109774
25735,6.5466943
13148,65.92487
20647,63.789043
5814,7.2029943
10609,7.8700223
1063,4.002347
14379,5.1695232
27477,5.956394
15000,62.007805
222,35.491306
3465,5.6373873
15386,4.655638
14503,5.427387
12402,7.9945164
16288,64.033875
14426,64.75665
11708,54.560223
23482,23.249884
14800,6.767002
3361,26.441835
5795,6.9188175
344,25.711622
17392,6.9114943
11438,4.799046
8559,4.8612194
8709,6.006365
9965,42.95803
26598,30.66074
15393,8.135636
5751,4.6521072
698,4.3955965
20068,41.343563
11094,9.770202
5016,6.168955
2287,17.640434
682,5.4293385
18539,23.593529
230,62.204704
15364,36.712696
10647,39.18124
10543,6.310443
13063,25.116306
23419,26.360956
11754,21.00462
5373,24.846891
17188,6.522829
5770,25.646015
21538,8.622311
27001,5.46046
12146,24.579147
9937,8.073527
7546,5.6101017
22652,66.78597
9803,5.4647446
5204,2.9356532
25710,5.8595643
12384,49.35871
17241,7.6290607
16433,4.4710026
16426,5.000838
22016,7.0735745
6071,1.6483676
15142,33.24208
6684,37.764412
21356,54.06094
11490,30.167223
12005,5.0271206
11665,8.352808
21075,6.3223996
8728,5.6337776
2999,35.281307
20972,6.253397
27248,3.7370207
14731,6.634072
19015,26.448202
11861,25.373741
28323,66.27775
19682,37.244556
11551,8.60839
20304,38.46755
2858,5.46786
11727,7.1705885
16436,59.101562
18158,28.604046
18285,6.245543
7672,5.831892
19016,6.32557
27655,42.291103
26608,40.106453
4141,7.366451
24839,25.971697
25802,28.288805
13377,4.957341
9545,7.8910894
10085,47.97295
18851,5.685654
5765,22.34565
15357,4.546985
5440,5.7180343
7612,18.642105
5441,49.975155
12745,4.9435315
143,63.443317
16624,26.37186
5092,9.218929
11901,6.9036565
15287,27.835089
3488,59.56931
26135,58.09418
3334,0.37957162
9512,26.207403
14687,36.630867
24656,5.354088
17154,42.134735
6494,24.697079
21080,28.443594
16498,42.13488
5258,25.888592
14290,24.990776
15096,60.76595
26306,5.9038606
20781,42.985718
9117,27.495892
5122,5.285938
334,42.302208
4205,7.114655
155,5.943813
19606,51.00264
17929,37.309605
14265,4.762021
18685,24.682407
4483,7.837005
13581,26.086473
4896,4.8748856
18377,24.535334
22594,25.906876
8481,5.044215
15399,22.66268
26011,17.084696
16732,2.719856
17002,6.6943674
27794,8.653674
8833,3.9650705
12166,5.692917
8490,32.916016
13312,3.6926787
20465,7.252575
861,-1.3178427
387,26.107681
9058,4.76715
20816,5.2657266
3628,39.63442
7798,5.074902
3860,6.8279805
8778,62.626667
22549,4.622884
3864,6.8322697
27815,8.192779
25122,5.075702
5541,69.54987
6046,4.7810574
5777,22.889534
12940,63.732933
5509,40.035458
3238,69.034195
11330,26.266272
9756,5.3322487
18589,45.827404
12294,31.957073
15735,6.8911095
10121,3.2975857
99,50.40691
26126,42.628815
12318,4.5466404
8342,21.971989
14574,26.042883
17097,43.80674
17128,22.999886
2633,42.14684
8942,28.641388
22041,4.6273103
15329,5.0853157
12589,24.515442
2595,6.8439884
22482,7.3811374
25787,25.268795
6443,8.859242
17658,6.146025
2605,46.219646
4794,7.690116
22665,49.474483
14100,3.9206967
24281,9.271069
18220,6.0389147
3934,41.73067
25340,40.333374
13631,10.737315
18814,64.74924
16376,21.254793
7859,4.45088
27475,13.488249
16362,4.0172186
24295,5.655402
12585,36.196617
24357,7.58412
20751,6.7973733
21580,5.9155817
15131,6.094654
13508,32.276226
2629,41.659008
9315,18.985903
25243,25.276129
17400,53.246166
18848,5.761524
23545,6.306241
1065,47.85513
14141,25.929094
26466,21.527546
22262,7.3435655
9451,5.7093973
6864,42.71175
1089,5.7995315
25600,12.915722
2364,22.279537
732,11.100057
9910,58.213127
23703,7.27727
28146,33.734344
4884,38.136078
3861,1.8877532
20207,25.583448
22931,6.9624934
15147,9.803202
127,5.9698334
11981,7.0050683
28066,39.091553
2901,5.164883
28448,64.8999
26915,6.6184483
3290,6.6143947
14829,5.9137225
2895,4.8626885
11832,5.5861263
26344,3.9277318
11640,5.704668
21274,4.555447
26700,34.947784
9870,24.135828
11264,7.779562
27386,58.977787
22525,21.640001
12168,4.584227
6536,36.19813
8329,6.356519
18745,30.519295
16368,25.66983
19210,56.46343
10079,7.345259
6511,6.9306154
10997,4.8135214
16740,7.926644
1970,23.133556
12471,5.2534876
20971,5.2304344
23222,10.070424
26573,33.84973
15103,5.1127
3049,33.04774
26747,42.42889
23814,41.186478
18327,4.5175214
26250,9.656627
4472,23.322392
16684,25.698967
4881,25.376484
1477,5.533846
17343,5.594204
27633,37.18657
19099,20.719053
4408,6.268787
3769,5.746314
6700,31.498903
12752,5.804376
5432,7.708671
189,58.993523
24022,20.32448
27909,7.7397094
494,5.718947
11735,7.57441
2258,5.4537926
1082,5.296662
9862,8.653389
7558,5.238869
1487,7.964717
13169,6.6001062
25646,5.9763446
15416,59.04583
5249,8.001884
6473,4.8803105
7201,33.8016
23639,6.295034
27751,8.659738
10424,5.7608666
6640,7.874047
1250,32.61175
5161,4.106354
15605,36.9527
2660,4.812886
17585,41.31191
6324,49.2861
9808,6.3707447
3892,6.1751933
9562,7.298078
4022,27.157845
15428,7.1445026
27385,7.9339776
12808,37.24629
2707,5.300814
12814,5.264162
8405,12.328143
1359,4.9305816
27084,65.20003
27410,5.9831643
667,4.2751923
25113,20.931797
11773,50.68461
8203,27.655874
11152,33.92806
5672,8.128726
11465,5.343612
18476,9.240809
9398,7.894638
6009,6.208201
10727,39.153214
12584,40.788506
24093,26.105497
19250,40.451263
14461,29.153763
28198,5.639482
4230,7.4017053
5622,5.160441
10277,23.807268
22529,8.771858
25655,4.923146
8698,6.4338703
10420,5.0558195
8526,30.528538
8471,43.812283
34,6.7145047
21459,5.139327
14190,6.807848
24604,32.51
12521,5.9148545
3499,21.002188
21934,49.45728
11277,6.296346
3820,63.77929
7981,8.566584
28562,5.5124135
1951,25.928892
20106,5.5010653
1010,43.213753
1036,1.8429229
7531,39.82866
26505,25.006413
23383,51.42675
20130,60.669094
23750,4.718267
4597,40.77471
25186,10.008354
26147,51.92974
4589,9.890018
22621,26.487888
15306,5.15647
5806,6.115115
7702,5.404672
6302,6.655793
3101,8.176881
9847,57.94096
21849,50.677795
7002,8.7365465
1319,56.665157
7376,6.012725
22530,6.9546604
12780,53.471928
26994,26.986895
10660,5.2848196
17437,8.157161
4228,25.681658
5484,6.4318876
18233,9.125821
7856,23.369326
22809,8.3897505
21186,4.8234897
23455,59.896576
13579,6.0644574
15664,7.2884173
21368,51.201866
17157,43.5264
13457,6.7980723
13648,38.798485
1493,6.8127694
20802,5.6928954
4949,9.416186
3644,35.86523
8733,4.8243723
18362,5.436993
20529,5.8807497
25163,9.714204
26028,6.4592075
8744,27.709648
19567,49.78404
19748,8.287091
24613,5.843659
1682,6.77727
16057,46.743233
25438,38.246643
25833,5.4701157
11084,4.912007
14384,5.8725305
14110,10.161815
19778,5.7040277
11052,56.629402
15560,34.151417
1581,5.3421135
14055,22.936255
8912,20.427528
9772,7.313727
148,25.593111
28365,31.538025
4437,40.34087
5247,36.22464
19225,7.4817114
15888,5.3764324
2348,10.32973
26600,23.47326
27055,1.7036128
25965,4.3688245
5739,5.7692146
15442,8.573311
4524,24.019743
5253,5.81474
18620,39.513004
3558,8.769319
6186,8.433156
15324,8.121312
21440,60.946796
26852,8.841812
11557,9.506028
3840,3.819875
19653,6.034574
20860,52.698376
19708,24.796827
2384,6.8522024
25808,5.439714
22762,5.07698
11404,57.96411
18569,35.956596
26308,24.38638
7746,36.49326
4325,5.524008
16567,22.598982
220,10.0729475
28441,4.141344
6394,57.41092
16959,37.236477
2708,57.57704
12534,6.7291555
2689,45.136623
9953,27.678356
10139,7.343042
26492,5.7238503
6890,6.521054
9734,4.2145395
26494,30.788366
23764,5.355275
11729,35.008366
2984,5.713159
5108,6.45158
10982,42.14137
11443,24.985748
18478,6.9067035
20272,6.3799424
3021,5.4778123
11263,6.6910796
2808,6.9787683
9098,30.096909
19499,50.41464
23089,39.314785
2447,32.69183
18735,35.01992
11533,64.48946
20279,24.90051
1829,5.0461445
2393,7.5315847
14039,5.626189
20953,42.74451
10570,27.385828
13802,22.888025
8269,3.524623
23447,6.5699997
1712,5.0284896
11887,25.769499
2592,4.6368484
17605,6.6907496
5084,7.0147543
18176,6.912811
15858,36.205513
27922,7.1564937
15181,62.15286
22956,6.1738796
12639,4.414508
16183,8.284625
7985,3.106267
14196,54.97588
27709,25.048248
7791,8.598808
15865,23.140867
20371,5.358982
3237,7.3274317
16993,4.0969443
22790,63.44762
21344,5.170989
5166,5.8123817
23659,24.037758
24922,6.169117
5791,6.4945507
9344,7.0749507
28722,7.747023
2303,6.152355
8285,7.861595
16547,6.197688
18758,4.878008
28019,9.448613
13471,3.7370694
22433,6.2198195
6687,36.936337
7510,6.4077125
28587,6.046479
27229,50.05721
15742,51.715034
14068,35.19716
8570,25.17076
22499,26.585402
25262,27.896866
13325,34.41692
28002,43.904335
24763,23.68333
18738,4.9685006
6390,53.79815
20636,66.29162
1541,21.225348
11187,7.003969
11911,7.3094726
19892,2.832144
1788,63.698505
28669,22.667131
4166,19.289295
15577,6.267818
10854,4.9117126
10741,39.853527
745,41.70644
22277,30.885715
23686,52.3042
19066,57.55991
19683,4.3981204
13926,4.9641266
16573,31.279612
18110,3.1423779
20458,64.51001
16898,24.156042
16286,6.537264
22741,7.621209
2655,8.977165
17909,26.62924
18812,36.088417
22350,24.826899
20112,29.698784
18397,23.631319
5754,7.100425
17603,25.38103
18193,4.2970266
19853,6.0210524
9128,23.026863
2979,48.53368
24350,5.1170473
16592,3.4312847
3996,8.142277
5265,32.577694
21528,40.13938
15022,60.078777
20316,8.529538
718,5.99742
8099,50.9879
17003,25.522703
22624,5.74713
9212,3.9077299
7872,6.096906
25633,26.59459
4702,42.63235
5195,7.7374578
12064,5.8527393
21631,35.375847
15157,39.942272
22897,5.0544233
9244,25.442196
5412,24.79362
19768,68.71677
25038,41.523956
6519,16.92014
26671,8.33055
22831,8.311308
19581,22.54161
17328,59.501583
27405,43.25684
23898,39.554504
6871,18.609015
13602,3.9551146
6508,5.687022
1446,5.3712378
23734,45.790062
2540,31.792318
24006,40.400238
10646,4.9920583
23996,5.4390306
23613,44.305843
24672,4.0280156
23190,44.936428
24920,11.192718
16119,8.615673
13745,4.9987717
20663,5.862793
456,5.8927813
19792,3.2796664
13378,5.0233583
2861,6.3015413
6876,25.094172
18627,38.058945
13334,4.789948
25658,4.6113014
1948,24.289566
7144,37.968315
9110,7.137257
16458,50.97045
476,8.083716
7462,23.05627
1677,11.021927
6549,43.15508
15448,63.70656
22191,7.6755843
28700,55.490376
26939,16.608793
12858,46.08814
8577,58.6879
22341,4.359044
12822,27.879353
23541,8.385662
21569,29.701944
10936,4.997777
13799,4.5613275
27371,4.212073
8267,4.394472
16880,38.18256
25021,22.298576
21612,7.1483707
18365,44.301624
2169,53.28082
13526,40.979954
7022,5.080416
24522,6.476464
28280,6.328179
16535,9.280225
26591,48.677757
13042,5.6723433
15467,6.408121
9498,16.741272
24275,5.129838
5954,5.7458553
11670,6.0974016
8543,7.8825183
18006,6.241315
26991,22.823046
7195,33.23144
27413,6.5845733
19679,43.92707
4930,7.6778884
24210,45.237057
11405,5.6983137
5922,39.19068
11988,7.7589183
3651,41.725296
11194,5.775961
27307,6.984075
19588,58.268864
17636,39.129868
24942,47.02808
4,19.929668
10643,71.19287
1704,25.368017
15691,49.46248
26471,6.9256167
5742,3.926383
15765,10.168778
23957,4.220423
14638,6.806498
3532,5.751781
491,29.160439
16598,45.270115
24756,7.7112536
26795,10.491861
7460,35.370674
12291,26.591547
4518,22.277685
16103,5.535895
8913,5.5081577
8270,6.745328
15582,7.357271
19999,6.530125
5338,4.3007174
9015,4.711594
21328,7.0708666
14620,25.159101
10721,4.089543
24614,8.087306
14102,5.261601
15224,27.479649
21805,6.3686905
6588,36.090706
19414,7.303483
5375,8.110046
26199,6.2824593
19714,6.8711658
27565,25.29292
7317,6.0419016
887,3.111257
18204,6.2039523
10996,63.91912
23843,34.91943
19819,4.5171676
5803,7.833087
3536,5.2049413
15145,5.221057
1462,2.8943172
6119,5.7282133
28578,5.6813774
27187,23.796421
25757,3.6710477
10745,6.38785
8307,42.123653
18312,4.4044695
7357,7.6798797
837,27.869736
9438,24.653936
8521,31.188791
28289,4.1262836
19780,23.913126
10951,22.801203
7703,4.807996
23445,21.649612
8961,55.637295
7490,7.4931026
10747,52.69131
27191,42.900955
16660,5.01806
22916,8.429094
25891,4.640976
5744,43.14385
25329,34.1474
23308,7.592021
27149,65.72853
11402,5.4673877
13071,49.244152
7467,44.400642
9848,6.9621444
26503,26.953651
11877,57.275482
12258,5.8904896
13663,68.10606
14581,7.518003
13905,29.544184
28226,4.9063125
20702,25.28021
5443,43.313435
22965,6.143137
8944,34.919952
4366,24.748373
4914,7.001081
22117,6.741938
28782,5.556611
9538,67.95374
16537,7.420427
3942,7.354287
17163,6.312492
18925,42.081783
14555,6.2555165
28000,13.706493
22466,33.162903
16909,5.0243535
15694,6.4526377
25583,55.02574
4940,55.47741
3025,26.010347
17775,4.1289706
18169,9.159177
3556,11.685172
20868,24.157722
27598,7.0402584
12838,6.9941535
25500,6.363234
28232,3.6709151
15894,29.161203
20412,7.075643
25055,4.8709326
10399,8.09166
1868,6.218914
26499,33.228645
6459,29.148254
1412,6.6076045
15830,37.208897
17017,23.770252
8846,40.82686
16236,4.6091366
27573,6.4359527
5735,27.24455
2457,7.437317
1466,5.0363946
21071,9.311901
15996,6.3567986
15368,5.5115204
8648,29.722578
12800,7.7314286
25634,45.230415
23202,38.264782
23161,22.870241
10929,5.931841
24682,5.4817367
28111,46.677387
22520,9.983452
20610,6.025832
10123,24.560167
12066,6.369576
9301,48.632954
19636,64.48714
17715,37.849335
22909,33.085876
11007,4.3120165
25619,12.159243
1890,36.45703
21241,7.2167916
18252,9.280821
11860,9.817105
19399,7.615818
2541,68.44083
14995,7.692436
15183,4.2978697
9146,5.327888
6461,6.9261904
688,35.917534
21733,24.042007
23672,35.26464
9706,26.348082
340,42.71979
5617,33.96588
9305,25.686712
20516,61.01965
25162,56.537674
7977,6.319389
6615,6.6381
8410,54.11058
19808,3.569233
389,8.122149
27872,2.6405954
21734,44.051903
8460,7.488841
5449,41.653107
7151,18.197443
19947,5.3604946
1187,7.019263
2359,24.456844
393,24.644772
4718,7.709344
10213,6.450196
7694,27.234549
20862,5.7641034
14540,34.5363
10556,33.05187
23353,58.055233
2163,5.587601
8555,8.335269
16597,51.120483
3033,6.301138
13665,7.7294626
1482,6.8209987
16785,47.582493
23626,2.1786199
28325,48.407368
5194,5.8090167
25159,5.337696
11368,23.839714
24629,4.231478
8211,5.068748
22360,22.897243
25074,3.979971
25762,9.223247
9200,4.6634164
17371,8.126173
11097,23.177631
5352,6.15439
23707,6.67332
20533,5.384565
21788,7.334485
1624,38.167366
24698,49.743355
8725,6.2020273
18736,37.408184
96,13.53631
8819,42.313377
12915,7.373263
11867,6.034679
14312,4.572207
3195,37.984665
12420,6.9208446
26765,7.7366614
20476,4.398103
5442,23.632826
17761,6.2203245
9290,6.376851
818,51.563866
16439,6.4106345
6748,48.89509
15027,9.8347225
14965,6.6454577
11836,38.86421
7935,48.236614
28636,9.913221
10608,6.005953
16817,5.014015
4581,36.519714
8252,17.738125
35,44.025356
17520,6.530624
24538,3.8376348
27101,3.0417905
17757,2.6507928
6384,7.3909473
2266,27.687502
8568,5.837107
3104,63.389336
2300,34.573853
576,35.15386
14974,5.8624706
20831,6.2350173
994,7.648449
25821,46.93248
9239,5.136908
10598,41.98333
19788,8.103049
6997,5.320964
28608,48.914383
3489,4.820625
7596,20.444887
1754,6.8113613
24814,39.63815
1627,6.8493295
23352,7.037218
20299,25.870193
18809,65.07687
2804,6.7934637
4374,7.4327884
7771,56.315365
17150,49.672817
14673,38.11897
7168,45.71489
3890,22.35925
7755,9.7339735
1794,6.0009017
13870,48.525803
17542,2.9920514
8071,4.9612117
25029,5.8911653
17742,40.615627
3240,26.98936
18806,6.16862
6505,5.566559
10760,5.7594094
17505,5.4488416
21780,10.253742
9628,63.508686
18718,47.2903
25446,5.093781
15058,4.2999444
13257,7.1651607
22066,7.9527063
24054,7.3332367
11131,5.53259
20024,5.321262
3432,61.740246
26292,5.838583
5882,6.6648545
5378,5.258036
17874,36.18901
21976,5.624039
594,24.9202
27065,14.943268
10654,5.0977755
15048,6.7527924
1955,5.245261
20158,7.6805973
23518,27.810558
24735,46.012764
15060,42.617027
17665,5.5744805
22630,3.724208
20356,53.161327
6554,27.289295
11436,6.0859957
25097,8.273649
368,5.866204
1761,35.42709
7649,9.996686
16059,32.271626
723,6.344597
18832,6.350104
10382,8.130255
6806,4.5476527
26838,23.966776
25637,24.555874
22440,4.038553
13793,28.585009
22595,46.366344
18804,24.98355
24049,60.670757
2876,2.7591672
15919,5.4564967
8356,27.509647
7121,1.5961778
1597,8.774497
7197,51.21334
12028,31.595491
2810,44.503414
12657,7.2208405
25998,4.9247007
5988,15.274762
26161,6.9196
6405,35.20674
28093,5.552536
24171,8.913479
26467,7.2091413
26745,4.2387376
16845,26.546844
10870,5.382976
21280,6.5258617
21897,26.921438
14493,4.9729824
23637,8.764495
4608,24.994015
25832,5.306887
22571,58.3374
26172,25.778316
10900,7.2748632
28790,8.680837
12700,8.421438
26475,24.671907
4364,7.1006727
23176,6.1573005
21034,4.648654
3897,9.946633
25302,6.0728216
19502,25.476658
24161,9.426928
19824,4.907862
12757,7.962318
9809,5.3327966
7568,57.662086
5269,65.02378
9903,10.109036
8024,10.863623
14391,42.314323
2817,67.88097
24107,5.4087
12891,4.842177
2789,27.3664
1457,3.8932478
19639,39.537727
8491,5.64138
2635,35.66215
7738,17.618189
11757,5.616101
15439,5.154872
11868,37.44549
26543,5.305126
11151,61.80074
953,22.233791
10014,24.622686
17375,9.018135
24754,60.345444
9624,25.143387
3763,6.993927
9114,5.584798
13552,34.82813
21908,55.86398
21773,5.65257
10353,4.9617763
16767,36.57813
25298,35.28114
9961,8.589005
12868,6.855756
2835,5.8432155
28035,8.355751
17451,54.942036
25462,6.9974675
4756,4.4591904
17762,43.05472
14206,7.357534
24841,8.808143
2509,3.3890955
24227,70.61479
21128,55.649963
19849,49.959457
3410,8.360408
2523,5.737877
16089,6.0687056
26347,59.710068
28510,57.617226
13972,39.142174
27126,6.801652
16536,55.479916
28195,32.09269
15440,52.831627
19336,6.6314163
18026,37.563076
24398,4.2016325
2987,7.604774
24944,24.61336
3451,4.8172255
6095,65.930115
637,26.79281
26734,24.02411
11150,5.837345
18136,6.9104395
17501,36.29398
13702,62.990623
899,8.723312
2009,11.521195
13764,21.25701
25907,4.9663224
17906,6.208131
19191,4.875405
28121,6.7715826
12918,26.965635
22923,51.629364
7634,4.5874696
49,30.740988
2923,4.6487336
25018,6.208466
24649,4.7333317
25975,44.36473
12063,5.644952
27658,7.643893
13594,24.513983
22531,37.83876
15245,6.098154
11730,54.742535
16611,56.354362
616,5.9271836
5190,7.9434404
20893,60.33564
12003,22.442707
14568,5.568085
8194,24.866646
211,56.867287
4755,33.484066
17208,52.30157
2137,51.77907
11492,13.014002
16692,70.15726
11720,46.614834
5420,7.4052105
5027,7.2548947
3676,36.059116
19436,6.859525
26579,46.00009
2358,4.472546
1290,7.121032
16104,5.6043286
18921,6.6853156
8143,29.320158
13875,5.14681
18125,34.676315
4093,6.56705
2637,6.036866
17908,35.859497
14248,5.9400406
25792,24.823128
19672,44.41766
17725,23.512365
6496,26.2698
25745,45.159405
26715,6.202541
25512,8.994817
8116,42.996235
20372,5.221096
18901,5.0971146
1121,7.0299864
8106,4.0065293
14597,2.7383406
8448,49.719788
15975,8.844187
26535,8.808109
26329,7.1480923
875,4.1964283
21472,22.227236
25220,4.943139
7748,37.771454
26423,58.145287
18855,44.738255
15407,6.576625
3198,4.799406
11062,23.537432
23471,24.282238
8225,25.404406
17251,7.030626
14895,58.448536
5215,6.293453
23989,49.563057
24017,61.09899
4924,22.543756
24736,43.93212
22610,5.6332483
76,5.6292086
17018,18.887274
1816,26.70422
10297,4.971346
22604,8.355815
7103,46.966904
13373,26.662727
28717,37.045753
241,7.2745647
13168,4.9426136
10635,32.515938
1946,4.6286087
13758,5.822859
15987,13.437599
7109,3.4831083
1893,3.7144585
404,25.944334
12740,5.8212037
766,6.49624
331,66.210266
18753,4.9204497
21406,4.8445954
7843,25.766035
11137,31.342726
21169,4.3607326
3182,5.2505307
15843,57.77909
22354,5.272643
28258,38.25255
4215,31.940588
15270,6.451072
23111,4.9326077
14807,46.321053
7166,6.662994
24453,4.6437073
10676,39.45878
20139,65.41729
3013,26.59653
9917,7.6969085
9964,39.660763
762,52.621044
4811,3.8355587
25591,45.2157
12129,6.6370425
11117,49.544926
12416,41.306686
14057,28.59323
14120,8.354542
19807,4.762387
15929,54.70325
27197,5.6219115
5481,16.87273
26837,41.78978
21645,4.241436
8295,62.01389
7157,66.934166
19307,36.100834
18117,4.847278
14563,43.442665
13430,30.429028
8876,4.700309
16730,5.6453657
5711,6.678523
13606,6.45682
5684,64.53994
25371,42.07778
21709,23.784771
7980,5.7201076
15333,27.101519
17378,6.9271927
2926,7.4049964
15038,3.1221359
20587,6.586428
2893,27.06801
25158,33.73087
13788,6.7690516
2612,5.42539
10836,29.579556
18782,36.159225
10966,6.863271
19889,4.042955
27153,5.4330945
15910,47.1822
59,6.122678
17388,4.0522537
8009,25.14285
3605,6.4632316
13330,6.3576293
9626,5.9216237
2960,5.20033
15791,54.549164
6000,6.4089985
4203,4.522223
10429,63.15969
24481,42.001797
19864,7.310357
5286,4.3737984
23695,43.891502
2972,10.196912
10345,9.529198
944,23.859304
28163,4.4832025
1797,28.514044
16612,5.437165
7726,24.358232
12433,28.965197
11413,4.8158307
18208,25.67819
3895,64.07732
5919,11.980625
17527,25.2801
16483,7.7816706
10268,26.616463
5419,23.996958
20170,44.09122
15902,58.61566
19182,24.843897
24418,5.8300896
24179,6.489126
13734,61.718098
14268,24.795061
21352,6.2023215
12882,11.673657
9952,26.115345
11463,27.004309
8649,8.0053005
5885,43.840347
6073,5.514255
9171,4.066756
6481,29.586695
19958,56.109734
19155,42.03178
10103,54.21103
17782,7.1165776
25389,7.1547794
2183,8.177784
24438,5.9660025
18714,34.8718
14451,5.890358
25954,22.30297
2339,29.16362
4105,41.5674
1210,21.743752
16693,61.588696
1140,46.93973
27166,69.89859
11982,6.523069
10467,57.399536
26703,6.1828337
13611,42.085785
6164,7.8666263
4678,63.7506
6988,4.887821
22564,8.578303
12048,45.299633
5292,6.813585
6775,31.964819
5995,5.4789324
11400,6.3735833
4485,45.362705
23158,3.8616838
1962,6.873826
12038,3.8945227
13801,35.683537
6061,6.264182
4087,5.896004
3119,5.8226366
2814,5.430215
10373,7.6610966
15056,5.5314193
26332,47.401463
5177,45.139637
18102,8.529795
4738,63.9516
21584,5.462499
6262,6.4946876
10780,44.541286
19769,7.050858
3438,4.49046
13762,42.560562
28268,8.190904
19029,5.338621
4144,7.8805323
17682,3.2803552
1390,4.739325
16968,22.843544
20253,20.739204
1380,26.812069
1855,2.1402383
16780,33.03236
8608,55.34817
9378,7.9574065
25567,11.560611
23427,4.2463727
10153,2.3621268
4039,6.788713
21676,11.977836
2087,29.531694
19860,6.1803064
329,52.686565
13021,31.83239
62,6.4899197
1703,50.556442
18731,33.505116
18826,23.917227
1604,24.342134
26225,5.4707665
10733,16.400877
15533,56.59709
14077,22.917583
24318,4.7458405
1341,3.7149692
23811,20.892296
26511,5.8265333
27717,23.53063
5383,6.090984
20974,7.668737
20539,45.814545
10939,28.190966
6963,32.67033
18686,48.916214
4465,16.886604
929,4.614713
18546,7.143308
20848,41.0006
21327,6.4102936
27274,49.73774
4602,10.7118
26688,54.582466
4404,7.308989
1944,55.596573
5040,28.268276
15005,3.3613112
26865,14.7372265
26737,4.268047
27832,9.230142
2951,33.554962
773,4.6500745
17374,8.96552
25844,6.6978545
21039,23.768154
26917,4.1694374
11406,49.75452
8158,23.120726
7909,34.770344
25061,37.722942
27105,4.9010215
11954,33.94548
5227,4.96558
14732,23.975954
2750,4.8820763
20718,5.590959
8349,5.2495365
26395,6.468442
3384,5.9683075
25016,5.2122207
2845,31.116642
4570,57.850887
21194,7.4420094
18940,40.824997
10720,7.499317
13089,3.2921515
28295,17.36436
1246,7.89467
11115,26.199314
14825,27.41895
26562,6.9191055
15911,33.259678
7594,26.68316
15786,53.554054
20203,7.261077
7348,6.532668
5053,7.850783
4097,7.088871
18951,5.269788
20028,4.5340195
26882,6.5930343
15595,7.5736494
12192,7.366385
21212,8.888955
14689,25.38938
17168,7.497188
14360,22.551207
15559,4.44202
12611,64.44719
22823,3.4436042
12586,6.401395
15546,9.681173
19304,5.467234
27173,5.615427
25203,25.16217
22815,26.320337
16010,63.199474
6595,5.071357
13284,40.47523
15220,4.7981176
1419,9.189922
27282,25.002953
11858,6.798528
5185,30.05635
2346,5.71119
24853,9.487519
2900,2.578393
4120,36.93184
21608,4.630631
2173,8.2487545
26251,6.7714305
8379,49.634132
19097,24.85251
28267,27.178617
17237,61.241943
15015,13.567629
12747,5.368435
11969,6.761577
22628,6.8495646
16625,51.469196
8951,3.8176694
7393,4.834077
19346,2.7190573
5701,5.9152393
19070,5.734894
5638,23.699926
13659,40.753998
2811,68.32184
26666,11.357704
18623,7.388662
3575,5.5523195
5966,15.917501
17264,13.499792
10509,37.57855
7418,8.454873
13860,53.590637
9427,5.7331905
432,6.2089467
16940,2.804363
18483,4.660402
8895,3.60144
22048,7.3683243
11234,28.830948
25800,19.917217
20240,25.37217
28,6.32551
7813,44.45579
13326,33.537968
13314,46.728527
13527,6.369677
21217,21.919477
18287,5.7983427
15623,13.534224
25238,3.9630287
16733,5.8162603
25694,8.951109
4271,20.3706
25292,4.6695404
21109,15.236584
15933,6.321814
19529,4.4530163
25836,19.756298
8810,2.8619542
1337,61.327667
9675,52.267082
10244,5.1553264
10506,6.359599
22511,5.6071424
6845,4.0035143
5233,8.013492
10387,6.728753
16324,5.955789
16239,5.432694
7916,5.8193455
24596,7.535323
18723,48.035667
26585,44.67317
7037,7.765677
13240,43.835514
3952,4.8836837
6421,6.7122154
2427,6.508953
1321,6.0619574
22384,6.1676316
9156,4.9730306
8319,28.426178
28797,26.529654
22545,8.411281
9358,7.2798624
22927,7.1206045
703,43.278725
17196,10.468267
20978,62.73708
13646,65.36528
27648,41.030052
27736,8.60824
854,6.6430874
8669,25.069878
13910,5.6714883
13086,40.3775
22873,5.528163
2189,60.067432
23945,6.5186996
28159,44.471577
3345,5.178209
8023,26.215212
25384,8.520547
27226,25.700651
13297,4.1871777
9526,40.444252
1307,6.014981
6597,4.1039486
15107,20.34338
17584,25.094816
3526,5.313284
4240,6.3485107
7308,9.39943
8135,7.877237
16270,7.1390347
14274,17.490223
14822,7.5455966
482,38.97045
14104,37.89554
8527,48.88403
3675,40.84858
18803,4.1185694
27930,7.244576
22955,9.660889
22212,48.00666
2429,50.644283
14863,9.816638
14313,5.1249685
21013,5.3039665
20865,5.9146776
12536,5.8261404
27721,24.029516
5845,5.601838
6498,51.645344
12100,6.079961
11448,9.703896
6231,37.09525
14742,5.1689715
17207,59.159378
21529,20.315151
1066,7.9818397
6277,6.710166
19998,5.46768
14221,36.95648
26772,29.195183
14397,8.288946
27509,9.3482
3766,28.781397
21107,35.13416
8641,9.796249
21073,8.277177
14291,5.007169
19220,62.395966
14211,36.282444
15558,5.5220017
12346,58.35404
22004,8.352672
7949,4.6940136
13714,7.6859097
6891,31.609219
2027,72.49237
13041,7.608764
19456,25.325714
2088,42.53192
18781,6.9966197
22428,36.72351
19365,6.710618
18959,4.3585095
440,51.331852
684,27.510706
10021,5.074074
27025,9.131413
20891,3.3191822
10413,4.5534387
8604,8.70729
25209,6.4098577
7685,31.878212
25950,7.2375565
